university_name,city,department,degree,program,duration,eligibility_criteria,test_required,fee_structure,admission_deadline,program_url
Coventry University,Coventry,"Coventry Business School – Economics, Finance and Accounting",BSc (Hons),Accountancy,3 years full-time / 4 years sandwich,120 UCAS Tariff points; A-levels: BBB; GCSEs: Maths and English grade 4/C; BTEC: DDM; T Level: Overall Distinction; IB: 25 points; Access to HE: 36 Level 3 credits at Merit; or equivalent international qualification,IELTS 6.0 overall (no band below 5.5) / TOEFL iBT 79 / PTE Academic 51,"Home/UK: £9,790/yr (2026/27; regulated, subject to parliamentary approval)
International: £17,600/yr (2026/27)
Placement year: £1,575 (UK) / £1,900 (International) for 2028/29 entry",29 January 2026,https://www.coventry.ac.uk/course-structure/ug/fbl/accountancy-bsc-hons/?term=2026-27
Coventry University,Coventry,"Coventry Business School – Economics, Finance and Accounting",BSc (Hons),Accountancy (with Foundation Year),4 years full-time (inc. Foundation Year),64 UCAS Tariff points; A-levels: DDD (foundation year entry); GCSEs: English grade 3/D; BTEC: PP; T Level: Overall Pass; IB: 24 points; Access to HE: 12 Level 3 credits; Foundation Year leading to degree progression; or equivalent international qualification,IELTS 6.0 overall (no band below 5.5) / TOEFL iBT 79 / PTE Academic 51,"Home/UK: £9,790/yr (2026/27; regulated, subject to parliamentary approval)
International: £17,600/yr (2026/27)
Foundation year same fee level; sandwich option not available in foundation year",29 January 2026,https://www.coventry.ac.uk/course-structure/ug/fbl/accountancy-bsc-hons/?term=2026-27&type=foundation
Coventry University,Coventry,"Coventry Business School – Economics, Finance and Accounting",BSc (Hons),Accounting and Finance,3 years full-time / 4 years sandwich,"112 UCAS Tariff points; A-levels: BBC; GCSEs: Maths and English grade 4/C; BTEC: DMM; T Level: Overall Merit; IB: 24 points; Access to HE: 30 Level 3 credits at Merit, plus GCSE English and Maths grade 4/C; or equivalent international qualification",IELTS 6.0 overall (no band below 5.5) / TOEFL iBT 79 / PTE Academic 51,"Home/UK: £9,790/yr (2026/27; regulated, subject to parliamentary approval)
International: £17,600/yr (2026/27)
Placement year: £1,575 (UK) / £1,900 (International) for 2028/29 entry",29 January 2026,https://www.coventry.ac.uk/course-structure/ug/fbl/accounting-and-finance-bsc-hons/?term=2026-27
Coventry University,Coventry,"Coventry Business School – Economics, Finance and Accounting",BSc (Hons),Accounting and Finance (with Foundation Year),4 years full-time (inc. Foundation Year),64 UCAS Tariff points; A-levels: DDD (foundation year entry); GCSEs: English grade 3/D; BTEC: PP; T Level: Overall Pass; IB: 24 points; Access to HE: 12 Level 3 credits; Foundation Year leading to degree progression; or equivalent international qualification,IELTS 6.0 overall (no band below 5.5) / TOEFL iBT 79 / PTE Academic 51,"Home/UK: £9,790/yr (2026/27; regulated, subject to parliamentary approval)
International: £17,600/yr (2026/27)
Foundation year same fee level; sandwich option not available in foundation year",29 January 2026,https://www.coventry.ac.uk/course-structure/ug/fbl/accounting-and-finance-bsc-hons/?term=2026-27&type=foundation
Coventry University,Coventry,"Coventry Business School – Economics, Finance and Accounting",BSc (Hons),Banking and Finance,3 years full-time / 4 years sandwich,"112 UCAS Tariff points; A-levels: BBC; GCSEs: Maths and English grade 4/C; BTEC: DMM; T Level: Overall Merit; IB: 24 points; Access to HE: 30 Level 3 credits at Merit, plus GCSE English and Maths grade 4/C; or equivalent international qualification",IELTS 6.0 overall (no band below 5.5) / TOEFL iBT 79 / PTE Academic 51,"Home/UK: £9,790/yr (2026/27; regulated, subject to parliamentary approval)
International: £17,600/yr (2026/27)
Placement year: £1,575 (UK) / £1,900 (International) for 2028/29 entry",29 January 2026,https://www.coventry.ac.uk/course-structure/ug/fbl/banking-and-finance-bsc-hons/?term=2026-27
Coventry University,Coventry,"Coventry Business School – Economics, Finance and Accounting",BSc (Hons),Banking and Finance (with Foundation Year),4 years full-time (inc. Foundation Year),64 UCAS Tariff points; A-levels: DDD (foundation year entry); GCSEs: English grade 3/D; BTEC: PP; T Level: Overall Pass; IB: 24 points; Access to HE: 12 Level 3 credits; Foundation Year leading to degree progression; or equivalent international qualification,IELTS 6.0 overall (no band below 5.5) / TOEFL iBT 79 / PTE Academic 51,"Home/UK: £9,790/yr (2026/27; regulated, subject to parliamentary approval)
International: £17,600/yr (2026/27)
Foundation year same fee level; sandwich option not available in foundation year",29 January 2026,https://www.coventry.ac.uk/course-structure/ug/fbl/banking-and-finance-bsc-hons/?term=2026-27&type=foundation
Coventry University,Coventry,"Coventry Business School – Economics, Finance and Accounting",BSc (Hons),Business and Finance,3 years full-time / 4 years sandwich,"112 UCAS Tariff points; A-levels: BBC; GCSEs: Maths and English grade 4/C; BTEC: DMM; T Level: Overall Merit; IB: 24 points; Access to HE: 30 Level 3 credits at Merit, plus GCSE English and Maths grade 4/C; or equivalent international qualification",IELTS 6.0 overall (no band below 5.5) / TOEFL iBT 79 / PTE Academic 51,"Home/UK: £9,790/yr (2026/27; regulated, subject to parliamentary approval)
International: £17,600/yr (2026/27)
Placement year: £1,575 (UK) / £1,900 (International) for 2028/29 entry",29 January 2026,https://www.coventry.ac.uk/course-structure/ug/fbl/business-and-finance-bsc-hons/?term=2026-27
Coventry University,Coventry,"Coventry Business School – Economics, Finance and Accounting",BSc (Hons),Business and Finance (with Foundation Year),4 years full-time (inc. Foundation Year),64 UCAS Tariff points; A-levels: DDD (foundation year entry); GCSEs: English grade 3/D; BTEC: PP; T Level: Overall Pass; IB: 24 points; Access to HE: 12 Level 3 credits; Foundation Year leading to degree progression; or equivalent international qualification,IELTS 6.0 overall (no band below 5.5) / TOEFL iBT 79 / PTE Academic 51,"Home/UK: £9,790/yr (2026/27; regulated, subject to parliamentary approval)
International: £17,600/yr (2026/27)
Foundation year same fee level; sandwich option not available in foundation year",29 January 2026,https://www.coventry.ac.uk/course-structure/ug/fbl/business-and-finance-bsc-hons/?term=2026-27&type=foundation
Coventry University,Coventry,"Coventry Business School – Economics, Finance and Accounting",BSc (Hons),Financial Economics,3 years full-time / 4 years sandwich,"112 UCAS Tariff points; A-levels: BBC; GCSEs: Maths and English grade 4/C; BTEC: DMM; T Level: Overall Merit; IB: 24 points; Access to HE: 30 Level 3 credits at Merit, plus GCSE English and Maths grade 4/C; or equivalent international qualification",IELTS 6.0 overall (no band below 5.5) / TOEFL iBT 79 / PTE Academic 51,"Home/UK: £9,790/yr (2026/27; regulated, subject to parliamentary approval)
International: £17,600/yr (2026/27)
Placement year: £1,575 (UK) / £1,900 (International) for 2028/29 entry",29 January 2026,https://www.coventry.ac.uk/course-structure/ug/fbl/financial-economics-bsc-hons/?term=2026-27
Coventry University,Coventry,"Coventry Business School – Economics, Finance and Accounting",BSc (Hons),Financial Economics (with Foundation Year),4 years full-time (inc. Foundation Year),64 UCAS Tariff points; A-levels: DDD (foundation year entry); GCSEs: English grade 3/D; BTEC: PP; T Level: Overall Pass; IB: 24 points; Access to HE: 12 Level 3 credits; Foundation Year leading to degree progression; or equivalent international qualification,IELTS 6.0 overall (no band below 5.5) / TOEFL iBT 79 / PTE Academic 51,"Home/UK: £9,790/yr (2026/27; regulated, subject to parliamentary approval)
International: £17,600/yr (2026/27)
Foundation year same fee level; sandwich option not available in foundation year",29 January 2026,https://www.coventry.ac.uk/course-structure/ug/fbl/financial-economics-bsc-hons/?term=2026-27&type=foundation
Coventry University,Coventry,Coventry Business School – Business and Management,BBA (Hons),Business Administration,3 years full-time / 4 years sandwich,"112 UCAS Tariff points; A-levels: BBC; GCSEs: Maths and English grade 4/C; BTEC: DMM; T Level: Overall Merit; IB: 24 points; Access to HE: 30 Level 3 credits at Merit, plus GCSE English and Maths grade 4/C; or equivalent international qualification",IELTS 6.0 overall (no band below 5.5) / TOEFL iBT 79 / PTE Academic 51,"Home/UK: £9,790/yr (2026/27; regulated, subject to parliamentary approval)
International: £17,600/yr (2026/27)
Placement year: £1,575 (UK) / £1,900 (International) for 2028/29 entry",29 January 2026,https://www.coventry.ac.uk/course-structure/ug/fbl/business-administration-bba-hons/?term=2026-27
Coventry University,Coventry,Coventry Business School – Business and Management,BBA (Hons),Business Administration (with Foundation Year),4 years full-time (inc. Foundation Year),64 UCAS Tariff points; A-levels: DDD (foundation year entry); GCSEs: English grade 3/D; BTEC: PP; T Level: Overall Pass; IB: 24 points; Access to HE: 12 Level 3 credits; Foundation Year leading to degree progression; or equivalent international qualification,IELTS 6.0 overall (no band below 5.5) / TOEFL iBT 79 / PTE Academic 51,"Home/UK: £9,790/yr (2026/27; regulated, subject to parliamentary approval)
International: £17,600/yr (2026/27)
Foundation year same fee level; sandwich option not available in foundation year",29 January 2026,https://www.coventry.ac.uk/course-structure/ug/fbl/business-administration-bba-hons/?term=2026-27&type=foundation
Coventry University,Coventry,Coventry Business School – Business and Management,BA (Hons),Business Management,3 years full-time / 4 years sandwich,"112 UCAS Tariff points; A-levels: BBC; GCSEs: Maths and English grade 4/C; BTEC: DMM; T Level: Overall Merit; IB: 24 points; Access to HE: 30 Level 3 credits at Merit, plus GCSE English and Maths grade 4/C; or equivalent international qualification",IELTS 6.0 overall (no band below 5.5) / TOEFL iBT 79 / PTE Academic 51,"Home/UK: £9,790/yr (2026/27; regulated, subject to parliamentary approval)
International: £17,600/yr (2026/27)
Placement year: £1,575 (UK) / £1,900 (International) for 2028/29 entry",29 January 2026,https://www.coventry.ac.uk/course-structure/ug/fbl/business-management-ba-hons/?term=2026-27
Coventry University,Coventry,Coventry Business School – Business and Management,BA (Hons),Business Management (with Foundation Year),4 years full-time (inc. Foundation Year),64 UCAS Tariff points; A-levels: DDD (foundation year entry); GCSEs: English grade 3/D; BTEC: PP; T Level: Overall Pass; IB: 24 points; Access to HE: 12 Level 3 credits; Foundation Year leading to degree progression; or equivalent international qualification,IELTS 6.0 overall (no band below 5.5) / TOEFL iBT 79 / PTE Academic 51,"Home/UK: £9,790/yr (2026/27; regulated, subject to parliamentary approval)
International: £17,600/yr (2026/27)
Foundation year same fee level; sandwich option not available in foundation year",29 January 2026,https://www.coventry.ac.uk/course-structure/ug/fbl/business-management-ba-hons/?term=2026-27&type=foundation
Coventry University,Coventry,Coventry Business School – Business and Management,BSc (Hons),Business Economics,3 years full-time / 4 years sandwich,"112 UCAS Tariff points; A-levels: BBC; GCSEs: Maths and English grade 4/C; BTEC: DMM; T Level: Overall Merit; IB: 24 points; Access to HE: 30 Level 3 credits at Merit, plus GCSE English and Maths grade 4/C; or equivalent international qualification",IELTS 6.0 overall (no band below 5.5) / TOEFL iBT 79 / PTE Academic 51,"Home/UK: £9,790/yr (2026/27; regulated, subject to parliamentary approval)
International: £17,600/yr (2026/27)
Placement year: £1,575 (UK) / £1,900 (International) for 2028/29 entry",29 January 2026,https://www.coventry.ac.uk/course-structure/ug/fbl/business-economics-bsc-hons/?term=2026-27
Coventry University,Coventry,Coventry Business School – Business and Management,BSc (Hons),Business Economics (with Foundation Year),4 years full-time (inc. Foundation Year),64 UCAS Tariff points; A-levels: DDD (foundation year entry); GCSEs: English grade 3/D; BTEC: PP; T Level: Overall Pass; IB: 24 points; Access to HE: 12 Level 3 credits; Foundation Year leading to degree progression; or equivalent international qualification,IELTS 6.0 overall (no band below 5.5) / TOEFL iBT 79 / PTE Academic 51,"Home/UK: £9,790/yr (2026/27; regulated, subject to parliamentary approval)
International: £17,600/yr (2026/27)
Foundation year same fee level; sandwich option not available in foundation year",29 January 2026,https://www.coventry.ac.uk/course-structure/ug/fbl/business-economics-bsc-hons/?term=2026-27&type=foundation
Coventry University,Coventry,Coventry Business School – Business and Management,BSc (Hons),Business Analytics and Management,3 years full-time / 4 years sandwich,"112 UCAS Tariff points; A-levels: BBC; GCSEs: Maths and English grade 4/C; BTEC: DMM; T Level: Overall Merit; IB: 24 points; Access to HE: 30 Level 3 credits at Merit, plus GCSE English and Maths grade 4/C; or equivalent international qualification",IELTS 6.0 overall (no band below 5.5) / TOEFL iBT 79 / PTE Academic 51,"Home/UK: £9,790/yr (2026/27; regulated, subject to parliamentary approval)
International: £17,600/yr (2026/27)
Placement year: £1,575 (UK) / £1,900 (International) for 2028/29 entry",29 January 2026,https://www.coventry.ac.uk/course-structure/ug/cbl/business-analytics-management/?term=2026-27
Coventry University,Coventry,Coventry Business School – Business and Management,BSc (Hons),Business Analytics and Management (with Foundation Year),4 years full-time (inc. Foundation Year),64 UCAS Tariff points; A-levels: DDD (foundation year entry); GCSEs: English grade 3/D; BTEC: PP; T Level: Overall Pass; IB: 24 points; Access to HE: 12 Level 3 credits; Foundation Year leading to degree progression; or equivalent international qualification,IELTS 6.0 overall (no band below 5.5) / TOEFL iBT 79 / PTE Academic 51,"Home/UK: £9,790/yr (2026/27; regulated, subject to parliamentary approval)
International: £17,600/yr (2026/27)
Foundation year same fee level; sandwich option not available in foundation year",29 January 2026,https://www.coventry.ac.uk/course-structure/ug/cbl/business-analytics-management/?term=2026-27&type=foundation
Coventry University,Coventry,Coventry Business School – Business and Management,BA (Hons),Business and Human Resource Management,3 years full-time / 4 years sandwich,"112 UCAS Tariff points; A-levels: BBC; GCSEs: Maths and English grade 4/C; BTEC: DMM; T Level: Overall Merit; IB: 24 points; Access to HE: 30 Level 3 credits at Merit, plus GCSE English and Maths grade 4/C; or equivalent international qualification",IELTS 6.0 overall (no band below 5.5) / TOEFL iBT 79 / PTE Academic 51,"Home/UK: £9,790/yr (2026/27; regulated, subject to parliamentary approval)
International: £17,600/yr (2026/27)
Placement year: £1,575 (UK) / £1,900 (International) for 2028/29 entry",29 January 2026,https://www.coventry.ac.uk/course-structure/ug/fbl/business-and-hr-management-ba-hons/?term=2026-27
Coventry University,Coventry,Coventry Business School – Business and Management,BA (Hons),Business and Human Resource Management (with Foundation Year),4 years full-time (inc. Foundation Year),64 UCAS Tariff points; A-levels: DDD (foundation year entry); GCSEs: English grade 3/D; BTEC: PP; T Level: Overall Pass; IB: 24 points; Access to HE: 12 Level 3 credits; Foundation Year leading to degree progression; or equivalent international qualification,IELTS 6.0 overall (no band below 5.5) / TOEFL iBT 79 / PTE Academic 51,"Home/UK: £9,790/yr (2026/27; regulated, subject to parliamentary approval)
International: £17,600/yr (2026/27)
Foundation year same fee level; sandwich option not available in foundation year",29 January 2026,https://www.coventry.ac.uk/course-structure/ug/fbl/business-and-hr-management-ba-hons/?term=2026-27&type=foundation
Coventry University,Coventry,Coventry Business School – Marketing,BA (Hons),Business and Marketing,3 years full-time / 4 years sandwich,"112 UCAS Tariff points; A-levels: BBC; GCSEs: Maths and English grade 4/C; BTEC: DMM; T Level: Overall Merit; IB: 24 points; Access to HE: 30 Level 3 credits at Merit, plus GCSE English and Maths grade 4/C; or equivalent international qualification",IELTS 6.0 overall (no band below 5.5) / TOEFL iBT 79 / PTE Academic 51,"Home/UK: £9,790/yr (2026/27; regulated, subject to parliamentary approval)
International: £17,600/yr (2026/27)
Placement year: £1,575 (UK) / £1,900 (International) for 2028/29 entry",29 January 2026,https://www.coventry.ac.uk/course-structure/ug/fbl/business-and-marketing-ba-hons/?term=2026-27
Coventry University,Coventry,Coventry Business School – Marketing,BA (Hons),Business and Marketing (with Foundation Year),4 years full-time (inc. Foundation Year),64 UCAS Tariff points; A-levels: DDD (foundation year entry); GCSEs: English grade 3/D; BTEC: PP; T Level: Overall Pass; IB: 24 points; Access to HE: 12 Level 3 credits; Foundation Year leading to degree progression; or equivalent international qualification,IELTS 6.0 overall (no band below 5.5) / TOEFL iBT 79 / PTE Academic 51,"Home/UK: £9,790/yr (2026/27; regulated, subject to parliamentary approval)
International: £17,600/yr (2026/27)
Foundation year same fee level; sandwich option not available in foundation year",29 January 2026,https://www.coventry.ac.uk/course-structure/ug/fbl/business-and-marketing-ba-hons/?term=2026-27&type=foundation
Coventry University,Coventry,Coventry Business School – Marketing,BA (Hons),Digital Marketing,3 years full-time / 4 years sandwich,"112 UCAS Tariff points; A-levels: BBC; GCSEs: Maths and English grade 4/C; BTEC: DMM; T Level: Overall Merit; IB: 24 points; Access to HE: 30 Level 3 credits at Merit, plus GCSE English and Maths grade 4/C; or equivalent international qualification",IELTS 6.0 overall (no band below 5.5) / TOEFL iBT 79 / PTE Academic 51,"Home/UK: £9,790/yr (2026/27; regulated, subject to parliamentary approval)
International: £17,600/yr (2026/27)
Placement year: £1,575 (UK) / £1,900 (International) for 2028/29 entry",29 January 2026,https://www.coventry.ac.uk/course-structure/ug/fbl/digital-marketing-ba-hons/?term=2026-27
Coventry University,Coventry,Coventry Business School – Marketing,BA (Hons),Digital Marketing (with Foundation Year),4 years full-time (inc. Foundation Year),64 UCAS Tariff points; A-levels: DDD (foundation year entry); GCSEs: English grade 3/D; BTEC: PP; T Level: Overall Pass; IB: 24 points; Access to HE: 12 Level 3 credits; Foundation Year leading to degree progression; or equivalent international qualification,IELTS 6.0 overall (no band below 5.5) / TOEFL iBT 79 / PTE Academic 51,"Home/UK: £9,790/yr (2026/27; regulated, subject to parliamentary approval)
International: £17,600/yr (2026/27)
Foundation year same fee level; sandwich option not available in foundation year",29 January 2026,https://www.coventry.ac.uk/course-structure/ug/fbl/digital-marketing-ba-hons/?term=2026-27&type=foundation
Coventry University,Coventry,Coventry Business School – Marketing,BA (Hons),Marketing Management,3 years full-time / 4 years sandwich,"112 UCAS Tariff points; A-levels: BBC; GCSEs: Maths and English grade 4/C; BTEC: DMM; T Level: Overall Merit; IB: 24 points; Access to HE: 30 Level 3 credits at Merit, plus GCSE English and Maths grade 4/C; or equivalent international qualification",IELTS 6.0 overall (no band below 5.5) / TOEFL iBT 79 / PTE Academic 51,"Home/UK: £9,790/yr (2026/27; regulated, subject to parliamentary approval)
International: £17,600/yr (2026/27)
Placement year: £1,575 (UK) / £1,900 (International) for 2028/29 entry",29 January 2026,https://www.coventry.ac.uk/course-structure/ug/fbl/marketing-management-ba-hons/?term=2026-27
Coventry University,Coventry,Coventry Business School – Marketing,BA (Hons),Marketing Management (with Foundation Year),4 years full-time (inc. Foundation Year),64 UCAS Tariff points; A-levels: DDD (foundation year entry); GCSEs: English grade 3/D; BTEC: PP; T Level: Overall Pass; IB: 24 points; Access to HE: 12 Level 3 credits; Foundation Year leading to degree progression; or equivalent international qualification,IELTS 6.0 overall (no band below 5.5) / TOEFL iBT 79 / PTE Academic 51,"Home/UK: £9,790/yr (2026/27; regulated, subject to parliamentary approval)
International: £17,600/yr (2026/27)
Foundation year same fee level; sandwich option not available in foundation year",29 January 2026,https://www.coventry.ac.uk/course-structure/ug/fbl/marketing-management-ba-hons/?term=2026-27&type=foundation
Coventry University,Coventry,Coventry Business School – Transport and Aviation,BSc (Hons),Aviation Management,3 years full-time / 4 years sandwich,"112 UCAS Tariff points; A-levels: BBC; GCSEs: Maths and English grade 4/C; BTEC: DMM; T Level: Overall Merit; IB: 24 points; Access to HE: 30 Level 3 credits at Merit, plus GCSE English and Maths grade 4/C; or equivalent international qualification",IELTS 6.0 overall (no band below 5.5) / TOEFL iBT 79 / PTE Academic 51,"Home/UK: £9,790/yr (2026/27; regulated, subject to parliamentary approval)
International: £17,600/yr (2026/27)
Placement year: £1,575 (UK) / £1,900 (International) for 2028/29 entry",29 January 2026,https://www.coventry.ac.uk/course-structure/ug/eec/aviation-management-bsc-hons/?term=2026-27
Coventry University,Coventry,Coventry Business School – Transport and Aviation,BSc (Hons),Aviation Management (with Foundation Year),4 years full-time (inc. Foundation Year),64 UCAS Tariff points; A-levels: DDD (foundation year entry); GCSEs: English grade 3/D; BTEC: PP; T Level: Overall Pass; IB: 24 points; Access to HE: 12 Level 3 credits; Foundation Year leading to degree progression; or equivalent international qualification,IELTS 6.0 overall (no band below 5.5) / TOEFL iBT 79 / PTE Academic 51,"Home/UK: £9,790/yr (2026/27; regulated, subject to parliamentary approval)
International: £17,600/yr (2026/27)
Foundation year same fee level; sandwich option not available in foundation year",29 January 2026,https://www.coventry.ac.uk/course-structure/ug/eec/aviation-management-bsc-hons/?term=2026-27&type=foundation
Coventry University,Coventry,Coventry Business School – Law,LLB (Hons),Commercial Law,3 years full-time / 4 years sandwich,"112 UCAS Tariff points; A-levels: BBC; GCSEs: Maths and English grade 4/C; BTEC: DMM; T Level: Overall Merit; IB: 24 points; Access to HE: 30 Level 3 credits at Merit, plus GCSE English and Maths grade 4/C; or equivalent international qualification",IELTS 6.0 overall (no band below 5.5) / TOEFL iBT 79 / PTE Academic 51,"Home/UK: £9,790/yr (2026/27; regulated, subject to parliamentary approval)
International: £17,600/yr (2026/27)
Placement year: £1,575 (UK) / £1,900 (International) for 2028/29 entry",29 January 2026,https://www.coventry.ac.uk/course-structure/ug/fbl/commercial-law-llb-hons/?term=2026-27
Coventry University,Coventry,Coventry Business School – Law,LLB (Hons),Commercial Law (with Foundation Year),4 years full-time (inc. Foundation Year),64 UCAS Tariff points; A-levels: DDD (foundation year entry); GCSEs: English grade 3/D; BTEC: PP; T Level: Overall Pass; IB: 24 points; Access to HE: 12 Level 3 credits; Foundation Year leading to degree progression; or equivalent international qualification,IELTS 6.0 overall (no band below 5.5) / TOEFL iBT 79 / PTE Academic 51,"Home/UK: £9,790/yr (2026/27; regulated, subject to parliamentary approval)
International: £17,600/yr (2026/27)
Foundation year same fee level; sandwich option not available in foundation year",29 January 2026,https://www.coventry.ac.uk/course-structure/ug/fbl/commercial-law-llb-hons/?term=2026-27&type=foundation
Coventry University,Coventry,Coventry Business School – Law,LLB (Hons),Criminal Law and Justice,3 years full-time / 4 years sandwich,"112 UCAS Tariff points; A-levels: BBC; GCSEs: Maths and English grade 4/C; BTEC: DMM; T Level: Overall Merit; IB: 24 points; Access to HE: 30 Level 3 credits at Merit, plus GCSE English and Maths grade 4/C; or equivalent international qualification",IELTS 6.0 overall (no band below 5.5) / TOEFL iBT 79 / PTE Academic 51,"Home/UK: £9,790/yr (2026/27; regulated, subject to parliamentary approval)
International: £17,600/yr (2026/27)
Placement year: £1,575 (UK) / £1,900 (International) for 2028/29 entry",29 January 2026,https://www.coventry.ac.uk/course-structure/ug/fbl/criminal-law-justice-llb-hons/?term=2026-27
Coventry University,Coventry,Coventry Business School – Law,LLB (Hons),Criminal Law and Justice (with Foundation Year),4 years full-time (inc. Foundation Year),64 UCAS Tariff points; A-levels: DDD (foundation year entry); GCSEs: English grade 3/D; BTEC: PP; T Level: Overall Pass; IB: 24 points; Access to HE: 12 Level 3 credits; Foundation Year leading to degree progression; or equivalent international qualification,IELTS 6.0 overall (no band below 5.5) / TOEFL iBT 79 / PTE Academic 51,"Home/UK: £9,790/yr (2026/27; regulated, subject to parliamentary approval)
International: £17,600/yr (2026/27)
Foundation year same fee level; sandwich option not available in foundation year",29 January 2026,https://www.coventry.ac.uk/course-structure/ug/fbl/criminal-law-justice-llb-hons/?term=2026-27&type=foundation
Coventry University,Coventry,Coventry Business School – Law,LLB (Hons),International Law,3 years full-time / 4 years sandwich,"112 UCAS Tariff points; A-levels: BBC; GCSEs: Maths and English grade 4/C; BTEC: DMM; T Level: Overall Merit; IB: 24 points; Access to HE: 30 Level 3 credits at Merit, plus GCSE English and Maths grade 4/C; or equivalent international qualification",IELTS 6.0 overall (no band below 5.5) / TOEFL iBT 79 / PTE Academic 51,"Home/UK: £9,790/yr (2026/27; regulated, subject to parliamentary approval)
International: £17,600/yr (2026/27)
Placement year: £1,575 (UK) / £1,900 (International) for 2028/29 entry",29 January 2026,https://www.coventry.ac.uk/course-structure/ug/fbl/international-law-llb-hons/?term=2026-27
Coventry University,Coventry,Coventry Business School – Law,LLB (Hons),Law,3 years full-time / 4 years sandwich,"112 UCAS Tariff points; A-levels: BBC; GCSEs: Maths and English grade 4/C; BTEC: DMM; T Level: Overall Merit; IB: 24 points; Access to HE: 30 Level 3 credits at Merit, plus GCSE English and Maths grade 4/C; or equivalent international qualification",IELTS 6.0 overall (no band below 5.5) / TOEFL iBT 79 / PTE Academic 51,"Home/UK: £9,790/yr (2026/27; regulated, subject to parliamentary approval)
International: £17,600/yr (2026/27)
Placement year: £1,575 (UK) / £1,900 (International) for 2028/29 entry",29 January 2026,https://www.coventry.ac.uk/course-structure/ug/fbl/law-llb-hons/?term=2026-27
Coventry University,Coventry,Coventry Business School – Law,LLB (Hons),Law (with Foundation Year),4 years full-time (inc. Foundation Year),64 UCAS Tariff points; A-levels: DDD (foundation year entry); GCSEs: English grade 3/D; BTEC: PP; T Level: Overall Pass; IB: 24 points; Access to HE: 12 Level 3 credits; Foundation Year leading to degree progression; or equivalent international qualification,IELTS 6.0 overall (no band below 5.5) / TOEFL iBT 79 / PTE Academic 51,"Home/UK: £9,790/yr (2026/27; regulated, subject to parliamentary approval)
International: £17,600/yr (2026/27)
Foundation year same fee level; sandwich option not available in foundation year",29 January 2026,https://www.coventry.ac.uk/course-structure/ug/fbl/law-llb-hons/?term=2026-27&type=foundation
Coventry University,Coventry,"School of Mechanical, Automotive and Aerospace Engineering",MEng/BEng (Hons),Automotive Engineering,3 years BEng / 4 years MEng or sandwich,"112 UCAS Tariff points; A-levels: BBC; GCSEs: Maths and English grade 4/C; BTEC: DMM; T Level: Overall Merit; IB: 24 points; Access to HE: 30 Level 3 credits at Merit, plus GCSE English and Maths grade 4/C; or equivalent international qualification",IELTS 6.0 overall (no band below 5.5) / TOEFL iBT 79 / PTE Academic 51,"Home/UK: £9,790/yr (2026/27; regulated, subject to parliamentary approval)
International: £17,600/yr (2026/27)
Placement year: £1,575 (UK) / £1,900 (International) for 2028/29 entry",29 January 2026,https://www.coventry.ac.uk/course-structure/ug/eec/automotive-engineering-beng/?term=2026-27
Coventry University,Coventry,"School of Mechanical, Automotive and Aerospace Engineering",BEng (Hons),Automotive Engineering (with Foundation Year),4 years full-time (inc. Foundation Year),64 UCAS Tariff points; A-levels: DDD (foundation year entry); GCSEs: English grade 3/D; BTEC: PP; T Level: Overall Pass; IB: 24 points; Access to HE: 12 Level 3 credits; Foundation Year leading to degree progression; or equivalent international qualification,IELTS 6.0 overall (no band below 5.5) / TOEFL iBT 79 / PTE Academic 51,"Home/UK: £9,790/yr (2026/27; regulated, subject to parliamentary approval)
International: £17,600/yr (2026/27)
Foundation year same fee level; sandwich option not available in foundation year",29 January 2026,https://www.coventry.ac.uk/course-structure/ug/eec/automotive-engineering-beng/?term=2026-27&type=foundation
Coventry University,Coventry,"School of Mechanical, Automotive and Aerospace Engineering",BA (Hons),Automotive and Transport Design,3 years full-time / 4 years sandwich,"112 UCAS Tariff points; A-levels: BBC; GCSEs: Maths and English grade 4/C; BTEC: DMM; T Level: Overall Merit; IB: 24 points; Access to HE: 30 Level 3 credits at Merit, plus GCSE English and Maths grade 4/C; or equivalent international qualification",IELTS 6.0 overall (no band below 5.5) / TOEFL iBT 79 / PTE Academic 51,"Home/UK: £9,790/yr (2026/27; regulated, subject to parliamentary approval)
International: £17,600/yr (2026/27)
Placement year: £1,575 (UK) / £1,900 (International) for 2028/29 entry",29 January 2026,https://www.coventry.ac.uk/course-structure/ug/eec/automotive-and-transport-design-ba-hons/?term=2026-27
Coventry University,Coventry,"School of Mechanical, Automotive and Aerospace Engineering",BA (Hons),Automotive and Transport Design (with Foundation Year),4 years full-time (inc. Foundation Year),64 UCAS Tariff points; A-levels: DDD (foundation year entry); GCSEs: English grade 3/D; BTEC: PP; T Level: Overall Pass; IB: 24 points; Access to HE: 12 Level 3 credits; Foundation Year leading to degree progression; or equivalent international qualification,IELTS 6.0 overall (no band below 5.5) / TOEFL iBT 79 / PTE Academic 51,"Home/UK: £9,790/yr (2026/27; regulated, subject to parliamentary approval)
International: £17,600/yr (2026/27)
Foundation year same fee level; sandwich option not available in foundation year",29 January 2026,https://www.coventry.ac.uk/course-structure/ug/eec/automotive-and-transport-design-ba-hons/?term=2026-27&type=foundation
Coventry University,Coventry,"School of Mechanical, Automotive and Aerospace Engineering",MEng/BEng (Hons),Motorsport Engineering,3 years BEng / 4 years MEng or sandwich,"112 UCAS Tariff points; A-levels: BBC; GCSEs: Maths and English grade 4/C; BTEC: DMM; T Level: Overall Merit; IB: 24 points; Access to HE: 30 Level 3 credits at Merit, plus GCSE English and Maths grade 4/C; or equivalent international qualification",IELTS 6.0 overall (no band below 5.5) / TOEFL iBT 79 / PTE Academic 51,"Home/UK: £9,790/yr (2026/27; regulated, subject to parliamentary approval)
International: £17,600/yr (2026/27)
Placement year: £1,575 (UK) / £1,900 (International) for 2028/29 entry",29 January 2026,https://www.coventry.ac.uk/course-structure/ug/eec/motorsport-engineering-beng/?term=2026-27
Coventry University,Coventry,"School of Mechanical, Automotive and Aerospace Engineering",BEng (Hons),Motorsport Engineering (with Foundation Year),4 years full-time (inc. Foundation Year),64 UCAS Tariff points; A-levels: DDD (foundation year entry); GCSEs: English grade 3/D; BTEC: PP; T Level: Overall Pass; IB: 24 points; Access to HE: 12 Level 3 credits; Foundation Year leading to degree progression; or equivalent international qualification,IELTS 6.0 overall (no band below 5.5) / TOEFL iBT 79 / PTE Academic 51,"Home/UK: £9,790/yr (2026/27; regulated, subject to parliamentary approval)
International: £17,600/yr (2026/27)
Foundation year same fee level; sandwich option not available in foundation year",29 January 2026,https://www.coventry.ac.uk/course-structure/ug/eec/motorsport-engineering-beng/?term=2026-27&type=foundation
Coventry University,Coventry,"School of Mechanical, Automotive and Aerospace Engineering",MEng/BEng (Hons),Aerospace Engineering,3 years BEng / 4 years MEng or sandwich,"112 UCAS Tariff points; A-levels: BBC; GCSEs: Maths and English grade 4/C; BTEC: DMM; T Level: Overall Merit; IB: 24 points; Access to HE: 30 Level 3 credits at Merit, plus GCSE English and Maths grade 4/C; or equivalent international qualification",IELTS 6.0 overall (no band below 5.5) / TOEFL iBT 79 / PTE Academic 51,"Home/UK: £9,790/yr (2026/27; regulated, subject to parliamentary approval)
International: £17,600/yr (2026/27)
Placement year: £1,575 (UK) / £1,900 (International) for 2028/29 entry",29 January 2026,https://www.coventry.ac.uk/course-structure/ug/eec/aerospace-engineering-beng/?term=2026-27
Coventry University,Coventry,"School of Mechanical, Automotive and Aerospace Engineering",BEng (Hons),Aerospace Engineering (with Foundation Year),4 years full-time (inc. Foundation Year),64 UCAS Tariff points; A-levels: DDD (foundation year entry); GCSEs: English grade 3/D; BTEC: PP; T Level: Overall Pass; IB: 24 points; Access to HE: 12 Level 3 credits; Foundation Year leading to degree progression; or equivalent international qualification,IELTS 6.0 overall (no band below 5.5) / TOEFL iBT 79 / PTE Academic 51,"Home/UK: £9,790/yr (2026/27; regulated, subject to parliamentary approval)
International: £17,600/yr (2026/27)
Foundation year same fee level; sandwich option not available in foundation year",29 January 2026,https://www.coventry.ac.uk/course-structure/ug/eec/aerospace-engineering-beng/?term=2026-27&type=foundation
Coventry University,Coventry,"School of Mechanical, Automotive and Aerospace Engineering",BEng (Hons),Aerospace Technology,3 years full-time / 4 years sandwich,"112 UCAS Tariff points; A-levels: BBC; GCSEs: Maths and English grade 4/C; BTEC: DMM; T Level: Overall Merit; IB: 24 points; Access to HE: 30 Level 3 credits at Merit, plus GCSE English and Maths grade 4/C; or equivalent international qualification",IELTS 6.0 overall (no band below 5.5) / TOEFL iBT 79 / PTE Academic 51,"Home/UK: £9,790/yr (2026/27; regulated, subject to parliamentary approval)
International: £17,600/yr (2026/27)
Placement year: £1,575 (UK) / £1,900 (International) for 2028/29 entry",29 January 2026,https://www.coventry.ac.uk/course-structure/ug/eec/aerospace-technology-beng/?term=2026-27
Coventry University,Coventry,"School of Mechanical, Automotive and Aerospace Engineering",BEng (Hons),Aerospace Technology (with Foundation Year),4 years full-time (inc. Foundation Year),64 UCAS Tariff points; A-levels: DDD (foundation year entry); GCSEs: English grade 3/D; BTEC: PP; T Level: Overall Pass; IB: 24 points; Access to HE: 12 Level 3 credits; Foundation Year leading to degree progression; or equivalent international qualification,IELTS 6.0 overall (no band below 5.5) / TOEFL iBT 79 / PTE Academic 51,"Home/UK: £9,790/yr (2026/27; regulated, subject to parliamentary approval)
International: £17,600/yr (2026/27)
Foundation year same fee level; sandwich option not available in foundation year",29 January 2026,https://www.coventry.ac.uk/course-structure/ug/eec/aerospace-technology-beng/?term=2026-27&type=foundation
Coventry University,Coventry,"School of Mechanical, Automotive and Aerospace Engineering",MEng/BEng (Hons),Mechanical Engineering,3 years BEng / 4 years MEng or sandwich,"112 UCAS Tariff points; A-levels: BBC; GCSEs: Maths and English grade 4/C; BTEC: DMM; T Level: Overall Merit; IB: 24 points; Access to HE: 30 Level 3 credits at Merit, plus GCSE English and Maths grade 4/C; or equivalent international qualification",IELTS 6.0 overall (no band below 5.5) / TOEFL iBT 79 / PTE Academic 51,"Home/UK: £9,790/yr (2026/27; regulated, subject to parliamentary approval)
International: £17,600/yr (2026/27)
Placement year: £1,575 (UK) / £1,900 (International) for 2028/29 entry",29 January 2026,https://www.coventry.ac.uk/course-structure/ug/eec/mechanical-engineering-beng/?term=2026-27
Coventry University,Coventry,"School of Mechanical, Automotive and Aerospace Engineering",BEng (Hons),Mechanical Engineering (with Foundation Year),4 years full-time (inc. Foundation Year),64 UCAS Tariff points; A-levels: DDD (foundation year entry); GCSEs: English grade 3/D; BTEC: PP; T Level: Overall Pass; IB: 24 points; Access to HE: 12 Level 3 credits; Foundation Year leading to degree progression; or equivalent international qualification,IELTS 6.0 overall (no band below 5.5) / TOEFL iBT 79 / PTE Academic 51,"Home/UK: £9,790/yr (2026/27; regulated, subject to parliamentary approval)
International: £17,600/yr (2026/27)
Foundation year same fee level; sandwich option not available in foundation year",29 January 2026,https://www.coventry.ac.uk/course-structure/ug/eec/mechanical-engineering-beng/?term=2026-27&type=foundation
Coventry University,Coventry,School of Civil and Building Engineering,MEng/BEng (Hons),Civil Engineering,3 years BEng / 4 years MEng or sandwich,"112 UCAS Tariff points; A-levels: BBC; GCSEs: Maths and English grade 4/C; BTEC: DMM; T Level: Overall Merit; IB: 24 points; Access to HE: 30 Level 3 credits at Merit, plus GCSE English and Maths grade 4/C; or equivalent international qualification",IELTS 6.0 overall (no band below 5.5) / TOEFL iBT 79 / PTE Academic 51,"Home/UK: £9,790/yr (2026/27; regulated, subject to parliamentary approval)
International: £17,600/yr (2026/27)
Placement year: £1,575 (UK) / £1,900 (International) for 2028/29 entry",29 January 2026,https://www.coventry.ac.uk/course-structure/ug/eec/civil-engineering-beng/?term=2026-27
Coventry University,Coventry,School of Civil and Building Engineering,BEng (Hons),Civil Engineering (with Foundation Year),4 years full-time (inc. Foundation Year),64 UCAS Tariff points; A-levels: DDD (foundation year entry); GCSEs: English grade 3/D; BTEC: PP; T Level: Overall Pass; IB: 24 points; Access to HE: 12 Level 3 credits; Foundation Year leading to degree progression; or equivalent international qualification,IELTS 6.0 overall (no band below 5.5) / TOEFL iBT 79 / PTE Academic 51,"Home/UK: £9,790/yr (2026/27; regulated, subject to parliamentary approval)
International: £17,600/yr (2026/27)
Foundation year same fee level; sandwich option not available in foundation year",29 January 2026,https://www.coventry.ac.uk/course-structure/ug/eec/civil-engineering-beng/?term=2026-27&type=foundation
Coventry University,Coventry,School of Civil and Building Engineering,BSc (Hons),Construction Management,3 years full-time / 4 years sandwich,"112 UCAS Tariff points; A-levels: BBC; GCSEs: Maths and English grade 4/C; BTEC: DMM; T Level: Overall Merit; IB: 24 points; Access to HE: 30 Level 3 credits at Merit, plus GCSE English and Maths grade 4/C; or equivalent international qualification",IELTS 6.0 overall (no band below 5.5) / TOEFL iBT 79 / PTE Academic 51,"Home/UK: £9,790/yr (2026/27; regulated, subject to parliamentary approval)
International: £17,600/yr (2026/27)
Placement year: £1,575 (UK) / £1,900 (International) for 2028/29 entry",29 January 2026,https://www.coventry.ac.uk/course-structure/ug/eec/construction-management-bsc-hons/?term=2026-27
Coventry University,Coventry,School of Civil and Building Engineering,BSc (Hons),Construction Management (with Foundation Year),4 years full-time (inc. Foundation Year),64 UCAS Tariff points; A-levels: DDD (foundation year entry); GCSEs: English grade 3/D; BTEC: PP; T Level: Overall Pass; IB: 24 points; Access to HE: 12 Level 3 credits; Foundation Year leading to degree progression; or equivalent international qualification,IELTS 6.0 overall (no band below 5.5) / TOEFL iBT 79 / PTE Academic 51,"Home/UK: £9,790/yr (2026/27; regulated, subject to parliamentary approval)
International: £17,600/yr (2026/27)
Foundation year same fee level; sandwich option not available in foundation year",29 January 2026,https://www.coventry.ac.uk/course-structure/ug/eec/construction-management-bsc-hons/?term=2026-27&type=foundation
Coventry University,Coventry,School of Civil and Building Engineering,BSc (Hons),Quantity Surveying,3 years full-time / 4 years sandwich,"112 UCAS Tariff points; A-levels: BBC; GCSEs: Maths and English grade 4/C; BTEC: DMM; T Level: Overall Merit; IB: 24 points; Access to HE: 30 Level 3 credits at Merit, plus GCSE English and Maths grade 4/C; or equivalent international qualification",IELTS 6.0 overall (no band below 5.5) / TOEFL iBT 79 / PTE Academic 51,"Home/UK: £9,790/yr (2026/27; regulated, subject to parliamentary approval)
International: £17,600/yr (2026/27)
Placement year: £1,575 (UK) / £1,900 (International) for 2028/29 entry",29 January 2026,https://www.coventry.ac.uk/course-structure/ug/eec/quantity-surveying-bsc-hons/?term=2026-27
Coventry University,Coventry,School of Civil and Building Engineering,BSc (Hons),Quantity Surveying (with Foundation Year),4 years full-time (inc. Foundation Year),64 UCAS Tariff points; A-levels: DDD (foundation year entry); GCSEs: English grade 3/D; BTEC: PP; T Level: Overall Pass; IB: 24 points; Access to HE: 12 Level 3 credits; Foundation Year leading to degree progression; or equivalent international qualification,IELTS 6.0 overall (no band below 5.5) / TOEFL iBT 79 / PTE Academic 51,"Home/UK: £9,790/yr (2026/27; regulated, subject to parliamentary approval)
International: £17,600/yr (2026/27)
Foundation year same fee level; sandwich option not available in foundation year",29 January 2026,https://www.coventry.ac.uk/course-structure/ug/eec/quantity-surveying-bsc-hons/?term=2026-27&type=foundation
Coventry University,Coventry,School of Civil and Building Engineering,MEng/BEng (Hons),Architectural Engineering,3 years BEng / 4 years MEng or sandwich,"112 UCAS Tariff points; A-levels: BBC; GCSEs: Maths and English grade 4/C; BTEC: DMM; T Level: Overall Merit; IB: 24 points; Access to HE: 30 Level 3 credits at Merit, plus GCSE English and Maths grade 4/C; or equivalent international qualification",IELTS 6.0 overall (no band below 5.5) / TOEFL iBT 79 / PTE Academic 51,"Home/UK: £9,790/yr (2026/27; regulated, subject to parliamentary approval)
International: £17,600/yr (2026/27)
Placement year: £1,575 (UK) / £1,900 (International) for 2028/29 entry",29 January 2026,https://www.coventry.ac.uk/course-structure/ug/eec/architectural-engineering-beng/?term=2026-27
Coventry University,Coventry,School of Civil and Building Engineering,BEng (Hons),Architectural Engineering (with Foundation Year),4 years full-time (inc. Foundation Year),64 UCAS Tariff points; A-levels: DDD (foundation year entry); GCSEs: English grade 3/D; BTEC: PP; T Level: Overall Pass; IB: 24 points; Access to HE: 12 Level 3 credits; Foundation Year leading to degree progression; or equivalent international qualification,IELTS 6.0 overall (no band below 5.5) / TOEFL iBT 79 / PTE Academic 51,"Home/UK: £9,790/yr (2026/27; regulated, subject to parliamentary approval)
International: £17,600/yr (2026/27)
Foundation year same fee level; sandwich option not available in foundation year",29 January 2026,https://www.coventry.ac.uk/course-structure/ug/eec/architectural-engineering-beng/?term=2026-27&type=foundation
Coventry University,Coventry,School of Civil and Building Engineering,BSc (Hons) / MSci,Architectural Technology / Architectural Design and Technology,3 years BSc / 4 years sandwich / 5 years MSci,"112 UCAS Tariff points; A-levels: BBC; GCSEs: Maths and English grade 4/C; BTEC: DMM; T Level: Overall Merit; IB: 24 points; Access to HE: 30 Level 3 credits at Merit, plus GCSE English and Maths grade 4/C; or equivalent international qualification",IELTS 6.0 overall (no band below 5.5) / TOEFL iBT 79 / PTE Academic 51,"Home/UK: £9,790/yr (2026/27; regulated, subject to parliamentary approval)
International: £17,600/yr (2026/27)
Placement year: £1,575 (UK) / £1,900 (International) for 2028/29 entry",29 January 2026,https://www.coventry.ac.uk/course-structure/ug/ees/architectural-design-technology/?term=2026-27
Coventry University,Coventry,School of Civil and Building Engineering,BSc (Hons),Architectural Technology (with Foundation Year),4 years full-time (inc. Foundation Year),64 UCAS Tariff points; A-levels: DDD (foundation year entry); GCSEs: English grade 3/D; BTEC: PP; T Level: Overall Pass; IB: 24 points; Access to HE: 12 Level 3 credits; Foundation Year leading to degree progression; or equivalent international qualification,IELTS 6.0 overall (no band below 5.5) / TOEFL iBT 79 / PTE Academic 51,"Home/UK: £9,790/yr (2026/27; regulated, subject to parliamentary approval)
International: £17,600/yr (2026/27)
Foundation year same fee level; sandwich option not available in foundation year",29 January 2026,https://www.coventry.ac.uk/course-structure/ug/ees/architectural-design-technology/?term=2026-27&type=foundation
Coventry University,Coventry,"School of Computing, Electronics and Maths",MSci/BSc (Hons),Computer Science,3 years BSc / 4 years sandwich / 5 years MSci,"112 UCAS Tariff points; A-levels: BBC; GCSEs: Maths and English grade 4/C; BTEC: DMM; T Level: Overall Merit; IB: 24 points; Access to HE: 30 Level 3 credits at Merit, plus GCSE English and Maths grade 4/C; or equivalent international qualification",IELTS 6.0 overall (no band below 5.5) / TOEFL iBT 79 / PTE Academic 51,"Home/UK: £9,790/yr (2026/27; regulated, subject to parliamentary approval)
International: £17,600/yr (2026/27)
Placement year: £1,575 (UK) / £1,900 (International) for 2028/29 entry",29 January 2026,https://www.coventry.ac.uk/course-structure/ug/eec/computer-science-bsc-hons/?term=2026-27
Coventry University,Coventry,"School of Computing, Electronics and Maths",BSc (Hons),Computer Science (with Foundation Year),4 years full-time (inc. Foundation Year),64 UCAS Tariff points; A-levels: DDD (foundation year entry); GCSEs: English grade 3/D; BTEC: PP; T Level: Overall Pass; IB: 24 points; Access to HE: 12 Level 3 credits; Foundation Year leading to degree progression; or equivalent international qualification,IELTS 6.0 overall (no band below 5.5) / TOEFL iBT 79 / PTE Academic 51,"Home/UK: £9,790/yr (2026/27; regulated, subject to parliamentary approval)
International: £17,600/yr (2026/27)
Foundation year same fee level; sandwich option not available in foundation year",29 January 2026,https://www.coventry.ac.uk/course-structure/ug/eec/computer-science-bsc-hons/?term=2026-27&type=foundation
Coventry University,Coventry,"School of Computing, Electronics and Maths",MSci/BSc (Hons),Computer Science with Artificial Intelligence,3 years BSc / 4 years sandwich / 5 years MSci,"112 UCAS Tariff points; A-levels: BBC; GCSEs: Maths and English grade 4/C; BTEC: DMM; T Level: Overall Merit; IB: 24 points; Access to HE: 30 Level 3 credits at Merit, plus GCSE English and Maths grade 4/C; or equivalent international qualification",IELTS 6.0 overall (no band below 5.5) / TOEFL iBT 79 / PTE Academic 51,"Home/UK: £9,790/yr (2026/27; regulated, subject to parliamentary approval)
International: £17,600/yr (2026/27)
Placement year: £1,575 (UK) / £1,900 (International) for 2028/29 entry",29 January 2026,https://www.coventry.ac.uk/course-structure/ug/eec/computer-science-ai/?term=2026-27
Coventry University,Coventry,"School of Computing, Electronics and Maths",BSc (Hons),Computer Science with Artificial Intelligence (with Foundation Year),4 years full-time (inc. Foundation Year),64 UCAS Tariff points; A-levels: DDD (foundation year entry); GCSEs: English grade 3/D; BTEC: PP; T Level: Overall Pass; IB: 24 points; Access to HE: 12 Level 3 credits; Foundation Year leading to degree progression; or equivalent international qualification,IELTS 6.0 overall (no band below 5.5) / TOEFL iBT 79 / PTE Academic 51,"Home/UK: £9,790/yr (2026/27; regulated, subject to parliamentary approval)
International: £17,600/yr (2026/27)
Foundation year same fee level; sandwich option not available in foundation year",29 January 2026,https://www.coventry.ac.uk/course-structure/ug/eec/computer-science-ai/?term=2026-27&type=foundation
Coventry University,Coventry,"School of Computing, Electronics and Maths",BSc (Hons),Cybersecurity and Networks,3 years full-time / 4 years sandwich,"112 UCAS Tariff points; A-levels: BBC; GCSEs: Maths and English grade 4/C; BTEC: DMM; T Level: Overall Merit; IB: 24 points; Access to HE: 30 Level 3 credits at Merit, plus GCSE English and Maths grade 4/C; or equivalent international qualification",IELTS 6.0 overall (no band below 5.5) / TOEFL iBT 79 / PTE Academic 51,"Home/UK: £9,790/yr (2026/27; regulated, subject to parliamentary approval)
International: £17,600/yr (2026/27)
Placement year: £1,575 (UK) / £1,900 (International) for 2028/29 entry",29 January 2026,https://www.coventry.ac.uk/course-structure/ug/eec/cybersecurity-and-networks-bsc-hons/?term=2026-27
Coventry University,Coventry,"School of Computing, Electronics and Maths",BSc (Hons),Cybersecurity and Networks (with Foundation Year),4 years full-time (inc. Foundation Year),64 UCAS Tariff points; A-levels: DDD (foundation year entry); GCSEs: English grade 3/D; BTEC: PP; T Level: Overall Pass; IB: 24 points; Access to HE: 12 Level 3 credits; Foundation Year leading to degree progression; or equivalent international qualification,IELTS 6.0 overall (no band below 5.5) / TOEFL iBT 79 / PTE Academic 51,"Home/UK: £9,790/yr (2026/27; regulated, subject to parliamentary approval)
International: £17,600/yr (2026/27)
Foundation year same fee level; sandwich option not available in foundation year",29 January 2026,https://www.coventry.ac.uk/course-structure/ug/eec/cybersecurity-and-networks-bsc-hons/?term=2026-27&type=foundation
Coventry University,Coventry,"School of Computing, Electronics and Maths",BSc (Hons),Software Engineering,3 years full-time / 4 years sandwich,"112 UCAS Tariff points; A-levels: BBC; GCSEs: Maths and English grade 4/C; BTEC: DMM; T Level: Overall Merit; IB: 24 points; Access to HE: 30 Level 3 credits at Merit, plus GCSE English and Maths grade 4/C; or equivalent international qualification",IELTS 6.0 overall (no band below 5.5) / TOEFL iBT 79 / PTE Academic 51,"Home/UK: £9,790/yr (2026/27; regulated, subject to parliamentary approval)
International: £17,600/yr (2026/27)
Placement year: £1,575 (UK) / £1,900 (International) for 2028/29 entry",29 January 2026,https://www.coventry.ac.uk/course-structure/ug/eec/software-engineering-bsc-hons/?term=2026-27
Coventry University,Coventry,"School of Computing, Electronics and Maths",BSc (Hons),Software Engineering (with Foundation Year),4 years full-time (inc. Foundation Year),64 UCAS Tariff points; A-levels: DDD (foundation year entry); GCSEs: English grade 3/D; BTEC: PP; T Level: Overall Pass; IB: 24 points; Access to HE: 12 Level 3 credits; Foundation Year leading to degree progression; or equivalent international qualification,IELTS 6.0 overall (no band below 5.5) / TOEFL iBT 79 / PTE Academic 51,"Home/UK: £9,790/yr (2026/27; regulated, subject to parliamentary approval)
International: £17,600/yr (2026/27)
Foundation year same fee level; sandwich option not available in foundation year",29 January 2026,https://www.coventry.ac.uk/course-structure/ug/eec/software-engineering-bsc-hons/?term=2026-27&type=foundation
Coventry University,Coventry,"School of Computing, Electronics and Maths",BSc (Hons),Games Technology,3 years full-time / 4 years sandwich,"112 UCAS Tariff points; A-levels: BBC; GCSEs: Maths and English grade 4/C; BTEC: DMM; T Level: Overall Merit; IB: 24 points; Access to HE: 30 Level 3 credits at Merit, plus GCSE English and Maths grade 4/C; or equivalent international qualification",IELTS 6.0 overall (no band below 5.5) / TOEFL iBT 79 / PTE Academic 51,"Home/UK: £9,790/yr (2026/27; regulated, subject to parliamentary approval)
International: £17,600/yr (2026/27)
Placement year: £1,575 (UK) / £1,900 (International) for 2028/29 entry",29 January 2026,https://www.coventry.ac.uk/course-structure/ug/cbl/games-technology-bsc-hons/?term=2026-27
Coventry University,Coventry,"School of Computing, Electronics and Maths",BSc (Hons),Games Technology (with Foundation Year),4 years full-time (inc. Foundation Year),64 UCAS Tariff points; A-levels: DDD (foundation year entry); GCSEs: English grade 3/D; BTEC: PP; T Level: Overall Pass; IB: 24 points; Access to HE: 12 Level 3 credits; Foundation Year leading to degree progression; or equivalent international qualification,IELTS 6.0 overall (no band below 5.5) / TOEFL iBT 79 / PTE Academic 51,"Home/UK: £9,790/yr (2026/27; regulated, subject to parliamentary approval)
International: £17,600/yr (2026/27)
Foundation year same fee level; sandwich option not available in foundation year",29 January 2026,https://www.coventry.ac.uk/course-structure/ug/cbl/games-technology-bsc-hons/?term=2026-27&type=foundation
Coventry University,Coventry,"School of Computing, Electronics and Maths",BSc (Hons),Data Science,3 years full-time / 4 years sandwich,"112 UCAS Tariff points; A-levels: BBC; GCSEs: Maths and English grade 4/C; BTEC: DMM; T Level: Overall Merit; IB: 24 points; Access to HE: 30 Level 3 credits at Merit, plus GCSE English and Maths grade 4/C; or equivalent international qualification",IELTS 6.0 overall (no band below 5.5) / TOEFL iBT 79 / PTE Academic 51,"Home/UK: £9,790/yr (2026/27; regulated, subject to parliamentary approval)
International: £17,600/yr (2026/27)
Placement year: £1,575 (UK) / £1,900 (International) for 2028/29 entry",29 January 2026,https://www.coventry.ac.uk/course-structure/ug/eec/data-science-bsc-hons/?term=2026-27
Coventry University,Coventry,"School of Computing, Electronics and Maths",BSc (Hons),Data Science (with Foundation Year),4 years full-time (inc. Foundation Year),64 UCAS Tariff points; A-levels: DDD (foundation year entry); GCSEs: English grade 3/D; BTEC: PP; T Level: Overall Pass; IB: 24 points; Access to HE: 12 Level 3 credits; Foundation Year leading to degree progression; or equivalent international qualification,IELTS 6.0 overall (no band below 5.5) / TOEFL iBT 79 / PTE Academic 51,"Home/UK: £9,790/yr (2026/27; regulated, subject to parliamentary approval)
International: £17,600/yr (2026/27)
Foundation year same fee level; sandwich option not available in foundation year",29 January 2026,https://www.coventry.ac.uk/course-structure/ug/eec/data-science-bsc-hons/?term=2026-27&type=foundation
Coventry University,Coventry,"School of Computing, Electronics and Maths",BSc (Hons),Mathematics,3 years full-time / 4 years sandwich,"112 UCAS Tariff points; A-levels: BBC; GCSEs: Maths and English grade 4/C; BTEC: DMM; T Level: Overall Merit; IB: 24 points; Access to HE: 30 Level 3 credits at Merit, plus GCSE English and Maths grade 4/C; or equivalent international qualification",IELTS 6.0 overall (no band below 5.5) / TOEFL iBT 79 / PTE Academic 51,"Home/UK: £9,790/yr (2026/27; regulated, subject to parliamentary approval)
International: £17,600/yr (2026/27)
Placement year: £1,575 (UK) / £1,900 (International) for 2028/29 entry",29 January 2026,https://www.coventry.ac.uk/course-structure/ug/eec/mathematics-bsc-hons/?term=2026-27
Coventry University,Coventry,"School of Computing, Electronics and Maths",BSc (Hons),Mathematics (with Foundation Year),4 years full-time (inc. Foundation Year),64 UCAS Tariff points; A-levels: DDD (foundation year entry); GCSEs: English grade 3/D; BTEC: PP; T Level: Overall Pass; IB: 24 points; Access to HE: 12 Level 3 credits; Foundation Year leading to degree progression; or equivalent international qualification,IELTS 6.0 overall (no band below 5.5) / TOEFL iBT 79 / PTE Academic 51,"Home/UK: £9,790/yr (2026/27; regulated, subject to parliamentary approval)
International: £17,600/yr (2026/27)
Foundation year same fee level; sandwich option not available in foundation year",29 January 2026,https://www.coventry.ac.uk/course-structure/ug/eec/mathematics-bsc-hons/?term=2026-27&type=foundation
Coventry University,Coventry,"School of Mechanical, Automotive and Aerospace Engineering",MEng/BEng (Hons),Electronic and Electrical Engineering,3 years BEng / 4 years MEng or sandwich,"112 UCAS Tariff points; A-levels: BBC; GCSEs: Maths and English grade 4/C; BTEC: DMM; T Level: Overall Merit; IB: 24 points; Access to HE: 30 Level 3 credits at Merit, plus GCSE English and Maths grade 4/C; or equivalent international qualification",IELTS 6.0 overall (no band below 5.5) / TOEFL iBT 79 / PTE Academic 51,"Home/UK: £9,790/yr (2026/27; regulated, subject to parliamentary approval)
International: £17,600/yr (2026/27)
Placement year: £1,575 (UK) / £1,900 (International) for 2028/29 entry",29 January 2026,https://www.coventry.ac.uk/course-structure/ug/eec/electronic-electrical-engineering-beng/?term=2026-27
Coventry University,Coventry,"School of Mechanical, Automotive and Aerospace Engineering",BEng (Hons),Electronic and Electrical Engineering (with Foundation Year),4 years full-time (inc. Foundation Year),64 UCAS Tariff points; A-levels: DDD (foundation year entry); GCSEs: English grade 3/D; BTEC: PP; T Level: Overall Pass; IB: 24 points; Access to HE: 12 Level 3 credits; Foundation Year leading to degree progression; or equivalent international qualification,IELTS 6.0 overall (no band below 5.5) / TOEFL iBT 79 / PTE Academic 51,"Home/UK: £9,790/yr (2026/27; regulated, subject to parliamentary approval)
International: £17,600/yr (2026/27)
Foundation year same fee level; sandwich option not available in foundation year",29 January 2026,https://www.coventry.ac.uk/course-structure/ug/eec/electronic-electrical-engineering-beng/?term=2026-27&type=foundation
Coventry University,Coventry,School of Art and Design,BSc (Hons),Architecture,3 years full-time (RIBA Part 1),"112 UCAS Tariff points; A-levels: BBC; GCSEs: Maths and English grade 4/C; BTEC: DMM; T Level: Overall Merit; IB: 24 points; Access to HE: 30 Level 3 credits at Merit, plus GCSE English and Maths grade 4/C; or equivalent international qualification",IELTS 6.0 overall (no band below 5.5) / TOEFL iBT 79 / PTE Academic 51,"Home/UK: £9,790/yr (2026/27; regulated, subject to parliamentary approval)
International: £17,600/yr (2026/27)
Placement year: £1,575 (UK) / £1,900 (International) for 2028/29 entry",29 January 2026,https://www.coventry.ac.uk/course-structure/ug/fah/architecture-bsc-hons/?term=2026-27
Coventry University,Coventry,School of Art and Design,BA (Hons),Interior Architecture and Design,3 years full-time / 4 years sandwich,104 UCAS Tariff points; A-levels: BCC; GCSEs: English grade 4/C; BTEC: MMM; T Level: Overall Merit; IB: 24 points; Access to HE: 30 Level 3 credits at Pass; or equivalent international qualification,IELTS 6.0 overall (no band below 5.5) / TOEFL iBT 79 / PTE Academic 51,"Home/UK: £9,790/yr (2026/27; regulated, subject to parliamentary approval)
International: £17,600/yr (2026/27)
Placement year: £1,575 (UK) / £1,900 (International) for 2028/29 entry",29 January 2026,https://www.coventry.ac.uk/course-structure/ug/fah/interior-architecture-and-design-ba-hons/?term=2026-27
Coventry University,Coventry,School of Art and Design,BA (Hons),Interior Architecture and Design (with Foundation Year),4 years full-time (inc. Foundation Year),64 UCAS Tariff points; A-levels: DDD (foundation year entry); GCSEs: English grade 3/D; BTEC: PP; T Level: Overall Pass; IB: 24 points; Access to HE: 12 Level 3 credits; Foundation Year leading to degree progression; or equivalent international qualification,IELTS 6.0 overall (no band below 5.5) / TOEFL iBT 79 / PTE Academic 51,"Home/UK: £9,790/yr (2026/27; regulated, subject to parliamentary approval)
International: £17,600/yr (2026/27)
Foundation year same fee level; sandwich option not available in foundation year",29 January 2026,https://www.coventry.ac.uk/course-structure/ug/fah/interior-architecture-and-design-ba-hons/?term=2026-27&type=foundation
Coventry University,Coventry,School of Art and Design,BA (Hons),Fine Art,3 years full-time / 4 years sandwich,104 UCAS Tariff points; A-levels: BCC; GCSEs: English grade 4/C; BTEC: MMM; T Level: Overall Merit; IB: 24 points; Access to HE: 30 Level 3 credits at Pass; or equivalent international qualification,IELTS 6.0 overall (no band below 5.5) / TOEFL iBT 79 / PTE Academic 51,"Home/UK: £9,790/yr (2026/27; regulated, subject to parliamentary approval)
International: £17,600/yr (2026/27)
Placement year: £1,575 (UK) / £1,900 (International) for 2028/29 entry",29 January 2026,https://www.coventry.ac.uk/course-structure/ug/fah/fine-art-ba-hons/?term=2026-27
Coventry University,Coventry,School of Art and Design,BA (Hons),Fine Art (with Foundation Year),4 years full-time (inc. Foundation Year),64 UCAS Tariff points; A-levels: DDD (foundation year entry); GCSEs: English grade 3/D; BTEC: PP; T Level: Overall Pass; IB: 24 points; Access to HE: 12 Level 3 credits; Foundation Year leading to degree progression; or equivalent international qualification,IELTS 6.0 overall (no band below 5.5) / TOEFL iBT 79 / PTE Academic 51,"Home/UK: £9,790/yr (2026/27; regulated, subject to parliamentary approval)
International: £17,600/yr (2026/27)
Foundation year same fee level; sandwich option not available in foundation year",29 January 2026,https://www.coventry.ac.uk/course-structure/ug/fah/fine-art-ba-hons/?term=2026-27&type=foundation
Coventry University,Coventry,School of Art and Design,BA (Hons),Graphic Design,3 years full-time / 4 years sandwich,104 UCAS Tariff points; A-levels: BCC; GCSEs: English grade 4/C; BTEC: MMM; T Level: Overall Merit; IB: 24 points; Access to HE: 30 Level 3 credits at Pass; or equivalent international qualification,IELTS 6.0 overall (no band below 5.5) / TOEFL iBT 79 / PTE Academic 51,"Home/UK: £9,790/yr (2026/27; regulated, subject to parliamentary approval)
International: £17,600/yr (2026/27)
Placement year: £1,575 (UK) / £1,900 (International) for 2028/29 entry",29 January 2026,https://www.coventry.ac.uk/course-structure/ug/fah/graphic-design-ba-hons/?term=2026-27
Coventry University,Coventry,School of Art and Design,BA (Hons),Graphic Design (with Foundation Year),4 years full-time (inc. Foundation Year),64 UCAS Tariff points; A-levels: DDD (foundation year entry); GCSEs: English grade 3/D; BTEC: PP; T Level: Overall Pass; IB: 24 points; Access to HE: 12 Level 3 credits; Foundation Year leading to degree progression; or equivalent international qualification,IELTS 6.0 overall (no band below 5.5) / TOEFL iBT 79 / PTE Academic 51,"Home/UK: £9,790/yr (2026/27; regulated, subject to parliamentary approval)
International: £17,600/yr (2026/27)
Foundation year same fee level; sandwich option not available in foundation year",29 January 2026,https://www.coventry.ac.uk/course-structure/ug/fah/graphic-design-ba-hons/?term=2026-27&type=foundation
Coventry University,Coventry,School of Art and Design,BA (Hons),Illustration,3 years full-time / 4 years sandwich,104 UCAS Tariff points; A-levels: BCC; GCSEs: English grade 4/C; BTEC: MMM; T Level: Overall Merit; IB: 24 points; Access to HE: 30 Level 3 credits at Pass; or equivalent international qualification,IELTS 6.0 overall (no band below 5.5) / TOEFL iBT 79 / PTE Academic 51,"Home/UK: £9,790/yr (2026/27; regulated, subject to parliamentary approval)
International: £17,600/yr (2026/27)
Placement year: £1,575 (UK) / £1,900 (International) for 2028/29 entry",29 January 2026,https://www.coventry.ac.uk/course-structure/ug/fah/illustration-ba-hons/?term=2026-27
Coventry University,Coventry,School of Art and Design,BA (Hons),Illustration (with Foundation Year),4 years full-time (inc. Foundation Year),64 UCAS Tariff points; A-levels: DDD (foundation year entry); GCSEs: English grade 3/D; BTEC: PP; T Level: Overall Pass; IB: 24 points; Access to HE: 12 Level 3 credits; Foundation Year leading to degree progression; or equivalent international qualification,IELTS 6.0 overall (no band below 5.5) / TOEFL iBT 79 / PTE Academic 51,"Home/UK: £9,790/yr (2026/27; regulated, subject to parliamentary approval)
International: £17,600/yr (2026/27)
Foundation year same fee level; sandwich option not available in foundation year",29 January 2026,https://www.coventry.ac.uk/course-structure/ug/fah/illustration-ba-hons/?term=2026-27&type=foundation
Coventry University,Coventry,School of Art and Design,BA (Hons),Fashion Design,3 years full-time / 4 years sandwich,104 UCAS Tariff points; A-levels: BCC; GCSEs: English grade 4/C; BTEC: MMM; T Level: Overall Merit; IB: 24 points; Access to HE: 30 Level 3 credits at Pass; or equivalent international qualification,IELTS 6.0 overall (no band below 5.5) / TOEFL iBT 79 / PTE Academic 51,"Home/UK: £9,790/yr (2026/27; regulated, subject to parliamentary approval)
International: £17,600/yr (2026/27)
Placement year: £1,575 (UK) / £1,900 (International) for 2028/29 entry",29 January 2026,https://www.coventry.ac.uk/course-structure/ug/fah/fashion-design-ba-hons/?term=2026-27
Coventry University,Coventry,School of Art and Design,BA (Hons),Fashion Design (with Foundation Year),4 years full-time (inc. Foundation Year),64 UCAS Tariff points; A-levels: DDD (foundation year entry); GCSEs: English grade 3/D; BTEC: PP; T Level: Overall Pass; IB: 24 points; Access to HE: 12 Level 3 credits; Foundation Year leading to degree progression; or equivalent international qualification,IELTS 6.0 overall (no band below 5.5) / TOEFL iBT 79 / PTE Academic 51,"Home/UK: £9,790/yr (2026/27; regulated, subject to parliamentary approval)
International: £17,600/yr (2026/27)
Foundation year same fee level; sandwich option not available in foundation year",29 January 2026,https://www.coventry.ac.uk/course-structure/ug/fah/fashion-design-ba-hons/?term=2026-27&type=foundation
Coventry University,Coventry,School of Art and Design,BA (Hons),Fashion Marketing,3 years full-time / 4 years sandwich,104 UCAS Tariff points; A-levels: BCC; GCSEs: English grade 4/C; BTEC: MMM; T Level: Overall Merit; IB: 24 points; Access to HE: 30 Level 3 credits at Pass; or equivalent international qualification,IELTS 6.0 overall (no band below 5.5) / TOEFL iBT 79 / PTE Academic 51,"Home/UK: £9,790/yr (2026/27; regulated, subject to parliamentary approval)
International: £17,600/yr (2026/27)
Placement year: £1,575 (UK) / £1,900 (International) for 2028/29 entry",29 January 2026,https://www.coventry.ac.uk/course-structure/ug/fah/fashion-marketing-ba-hons/?term=2026-27
Coventry University,Coventry,School of Art and Design,BA (Hons),Fashion Marketing (with Foundation Year),4 years full-time (inc. Foundation Year),64 UCAS Tariff points; A-levels: DDD (foundation year entry); GCSEs: English grade 3/D; BTEC: PP; T Level: Overall Pass; IB: 24 points; Access to HE: 12 Level 3 credits; Foundation Year leading to degree progression; or equivalent international qualification,IELTS 6.0 overall (no band below 5.5) / TOEFL iBT 79 / PTE Academic 51,"Home/UK: £9,790/yr (2026/27; regulated, subject to parliamentary approval)
International: £17,600/yr (2026/27)
Foundation year same fee level; sandwich option not available in foundation year",29 January 2026,https://www.coventry.ac.uk/course-structure/ug/fah/fashion-marketing-ba-hons/?term=2026-27&type=foundation
Coventry University,Coventry,School of Art and Design,BA (Hons),Photography,3 years full-time / 4 years sandwich,104 UCAS Tariff points; A-levels: BCC; GCSEs: English grade 4/C; BTEC: MMM; T Level: Overall Merit; IB: 24 points; Access to HE: 30 Level 3 credits at Pass; or equivalent international qualification,IELTS 6.0 overall (no band below 5.5) / TOEFL iBT 79 / PTE Academic 51,"Home/UK: £9,790/yr (2026/27; regulated, subject to parliamentary approval)
International: £17,600/yr (2026/27)
Placement year: £1,575 (UK) / £1,900 (International) for 2028/29 entry",29 January 2026,https://www.coventry.ac.uk/course-structure/ug/fah/photography-ba-hons/?term=2026-27
Coventry University,Coventry,School of Art and Design,BA (Hons),Photography (with Foundation Year),4 years full-time (inc. Foundation Year),64 UCAS Tariff points; A-levels: DDD (foundation year entry); GCSEs: English grade 3/D; BTEC: PP; T Level: Overall Pass; IB: 24 points; Access to HE: 12 Level 3 credits; Foundation Year leading to degree progression; or equivalent international qualification,IELTS 6.0 overall (no band below 5.5) / TOEFL iBT 79 / PTE Academic 51,"Home/UK: £9,790/yr (2026/27; regulated, subject to parliamentary approval)
International: £17,600/yr (2026/27)
Foundation year same fee level; sandwich option not available in foundation year",29 January 2026,https://www.coventry.ac.uk/course-structure/ug/fah/photography-ba-hons/?term=2026-27&type=foundation
Coventry University,Coventry,School of Art and Design,BA (Hons),Advertising and Digital Marketing,3 years full-time / 4 years sandwich,104 UCAS Tariff points; A-levels: BCC; GCSEs: English grade 4/C; BTEC: MMM; T Level: Overall Merit; IB: 24 points; Access to HE: 30 Level 3 credits at Pass; or equivalent international qualification,IELTS 6.0 overall (no band below 5.5) / TOEFL iBT 79 / PTE Academic 51,"Home/UK: £9,790/yr (2026/27; regulated, subject to parliamentary approval)
International: £17,600/yr (2026/27)
Placement year: £1,575 (UK) / £1,900 (International) for 2028/29 entry",29 January 2026,https://www.coventry.ac.uk/course-structure/ug/fah/advertising-digital-marketing-ba-hons/?term=2026-27
Coventry University,Coventry,School of Art and Design,BA (Hons),Advertising and Digital Marketing (with Foundation Year),4 years full-time (inc. Foundation Year),64 UCAS Tariff points; A-levels: DDD (foundation year entry); GCSEs: English grade 3/D; BTEC: PP; T Level: Overall Pass; IB: 24 points; Access to HE: 12 Level 3 credits; Foundation Year leading to degree progression; or equivalent international qualification,IELTS 6.0 overall (no band below 5.5) / TOEFL iBT 79 / PTE Academic 51,"Home/UK: £9,790/yr (2026/27; regulated, subject to parliamentary approval)
International: £17,600/yr (2026/27)
Foundation year same fee level; sandwich option not available in foundation year",29 January 2026,https://www.coventry.ac.uk/course-structure/ug/fah/advertising-digital-marketing-ba-hons/?term=2026-27&type=foundation
Coventry University,Coventry,School of Media and Performing Arts,BA (Hons),Film Production,3 years full-time / 4 years sandwich,104 UCAS Tariff points; A-levels: BCC; GCSEs: English grade 4/C; BTEC: MMM; T Level: Overall Merit; IB: 24 points; Access to HE: 30 Level 3 credits at Pass; or equivalent international qualification,IELTS 6.0 overall (no band below 5.5) / TOEFL iBT 79 / PTE Academic 51,"Home/UK: £9,790/yr (2026/27; regulated, subject to parliamentary approval)
International: £17,600/yr (2026/27)
Placement year: £1,575 (UK) / £1,900 (International) for 2028/29 entry",29 January 2026,https://www.coventry.ac.uk/course-structure/ug/fah/film-production-ba-hons/?term=2026-27
Coventry University,Coventry,School of Media and Performing Arts,BA (Hons),Film Production (with Foundation Year),4 years full-time (inc. Foundation Year),64 UCAS Tariff points; A-levels: DDD (foundation year entry); GCSEs: English grade 3/D; BTEC: PP; T Level: Overall Pass; IB: 24 points; Access to HE: 12 Level 3 credits; Foundation Year leading to degree progression; or equivalent international qualification,IELTS 6.0 overall (no band below 5.5) / TOEFL iBT 79 / PTE Academic 51,"Home/UK: £9,790/yr (2026/27; regulated, subject to parliamentary approval)
International: £17,600/yr (2026/27)
Foundation year same fee level; sandwich option not available in foundation year",29 January 2026,https://www.coventry.ac.uk/course-structure/ug/fah/film-production-ba-hons/?term=2026-27&type=foundation
Coventry University,Coventry,School of Media and Performing Arts,BA (Hons),Digital Media,3 years full-time / 4 years sandwich,104 UCAS Tariff points; A-levels: BCC; GCSEs: English grade 4/C; BTEC: MMM; T Level: Overall Merit; IB: 24 points; Access to HE: 30 Level 3 credits at Pass; or equivalent international qualification,IELTS 6.0 overall (no band below 5.5) / TOEFL iBT 79 / PTE Academic 51,"Home/UK: £9,790/yr (2026/27; regulated, subject to parliamentary approval)
International: £17,600/yr (2026/27)
Placement year: £1,575 (UK) / £1,900 (International) for 2028/29 entry",29 January 2026,https://www.coventry.ac.uk/course-structure/ug/fah/digital-media-ba-hons/?term=2026-27
Coventry University,Coventry,School of Media and Performing Arts,BA (Hons),Digital Media (with Foundation Year),4 years full-time (inc. Foundation Year),64 UCAS Tariff points; A-levels: DDD (foundation year entry); GCSEs: English grade 3/D; BTEC: PP; T Level: Overall Pass; IB: 24 points; Access to HE: 12 Level 3 credits; Foundation Year leading to degree progression; or equivalent international qualification,IELTS 6.0 overall (no band below 5.5) / TOEFL iBT 79 / PTE Academic 51,"Home/UK: £9,790/yr (2026/27; regulated, subject to parliamentary approval)
International: £17,600/yr (2026/27)
Foundation year same fee level; sandwich option not available in foundation year",29 January 2026,https://www.coventry.ac.uk/course-structure/ug/fah/digital-media-ba-hons/?term=2026-27&type=foundation
Coventry University,Coventry,School of Media and Performing Arts,BA (Hons),Journalism,3 years full-time / 4 years sandwich,104 UCAS Tariff points; A-levels: BCC; GCSEs: English grade 4/C; BTEC: MMM; T Level: Overall Merit; IB: 24 points; Access to HE: 30 Level 3 credits at Pass; or equivalent international qualification,IELTS 6.0 overall (no band below 5.5) / TOEFL iBT 79 / PTE Academic 51,"Home/UK: £9,790/yr (2026/27; regulated, subject to parliamentary approval)
International: £17,600/yr (2026/27)
Placement year: £1,575 (UK) / £1,900 (International) for 2028/29 entry",29 January 2026,https://www.coventry.ac.uk/course-structure/ug/fah/journalism-ba-hons/?term=2026-27
Coventry University,Coventry,School of Media and Performing Arts,BA (Hons),Journalism (with Foundation Year),4 years full-time (inc. Foundation Year),64 UCAS Tariff points; A-levels: DDD (foundation year entry); GCSEs: English grade 3/D; BTEC: PP; T Level: Overall Pass; IB: 24 points; Access to HE: 12 Level 3 credits; Foundation Year leading to degree progression; or equivalent international qualification,IELTS 6.0 overall (no band below 5.5) / TOEFL iBT 79 / PTE Academic 51,"Home/UK: £9,790/yr (2026/27; regulated, subject to parliamentary approval)
International: £17,600/yr (2026/27)
Foundation year same fee level; sandwich option not available in foundation year",29 January 2026,https://www.coventry.ac.uk/course-structure/ug/fah/journalism-ba-hons/?term=2026-27&type=foundation
Coventry University,Coventry,School of Media and Performing Arts,BA (Hons),Media and Communications,3 years full-time / 4 years sandwich,104 UCAS Tariff points; A-levels: BCC; GCSEs: English grade 4/C; BTEC: MMM; T Level: Overall Merit; IB: 24 points; Access to HE: 30 Level 3 credits at Pass; or equivalent international qualification,IELTS 6.0 overall (no band below 5.5) / TOEFL iBT 79 / PTE Academic 51,"Home/UK: £9,790/yr (2026/27; regulated, subject to parliamentary approval)
International: £17,600/yr (2026/27)
Placement year: £1,575 (UK) / £1,900 (International) for 2028/29 entry",29 January 2026,https://www.coventry.ac.uk/course-structure/ug/fah/media-and-communications-ba-hons/?term=2026-27
Coventry University,Coventry,School of Media and Performing Arts,BA (Hons),Media and Communications (with Foundation Year),4 years full-time (inc. Foundation Year),64 UCAS Tariff points; A-levels: DDD (foundation year entry); GCSEs: English grade 3/D; BTEC: PP; T Level: Overall Pass; IB: 24 points; Access to HE: 12 Level 3 credits; Foundation Year leading to degree progression; or equivalent international qualification,IELTS 6.0 overall (no band below 5.5) / TOEFL iBT 79 / PTE Academic 51,"Home/UK: £9,790/yr (2026/27; regulated, subject to parliamentary approval)
International: £17,600/yr (2026/27)
Foundation year same fee level; sandwich option not available in foundation year",29 January 2026,https://www.coventry.ac.uk/course-structure/ug/fah/media-and-communications-ba-hons/?term=2026-27&type=foundation
Coventry University,Coventry,School of Media and Performing Arts,BA (Hons),Acting for Stage and Screen,3 years full-time,104 UCAS Tariff points; A-levels: BCC; GCSEs: English grade 4/C; BTEC: MMM; T Level: Overall Merit; IB: 24 points; Access to HE: 30 Level 3 credits at Pass; or equivalent international qualification,IELTS 6.0 overall (no band below 5.5) / TOEFL iBT 79 / PTE Academic 51,"Home/UK: £9,790/yr (2026/27; regulated, subject to parliamentary approval)
International: £17,600/yr (2026/27)
Placement year: £1,575 (UK) / £1,900 (International) for 2028/29 entry",29 January 2026,https://www.coventry.ac.uk/course-structure/ug/fah/acting-stage-screen-ba-hons/?term=2026-27
Coventry University,Coventry,School of Media and Performing Arts,BA (Hons),Music and Sound Design Technology,3 years full-time / 4 years sandwich,104 UCAS Tariff points; A-levels: BCC; GCSEs: English grade 4/C; BTEC: MMM; T Level: Overall Merit; IB: 24 points; Access to HE: 30 Level 3 credits at Pass; or equivalent international qualification,IELTS 6.0 overall (no band below 5.5) / TOEFL iBT 79 / PTE Academic 51,"Home/UK: £9,790/yr (2026/27; regulated, subject to parliamentary approval)
International: £17,600/yr (2026/27)
Placement year: £1,575 (UK) / £1,900 (International) for 2028/29 entry",29 January 2026,https://www.coventry.ac.uk/course-structure/ug/fah/music-and-sound-design-ba-hons/?term=2026-27
Coventry University,Coventry,School of Media and Performing Arts,BA (Hons),Music and Sound Design Technology (with Foundation Year),4 years full-time (inc. Foundation Year),64 UCAS Tariff points; A-levels: DDD (foundation year entry); GCSEs: English grade 3/D; BTEC: PP; T Level: Overall Pass; IB: 24 points; Access to HE: 12 Level 3 credits; Foundation Year leading to degree progression; or equivalent international qualification,IELTS 6.0 overall (no band below 5.5) / TOEFL iBT 79 / PTE Academic 51,"Home/UK: £9,790/yr (2026/27; regulated, subject to parliamentary approval)
International: £17,600/yr (2026/27)
Foundation year same fee level; sandwich option not available in foundation year",29 January 2026,https://www.coventry.ac.uk/course-structure/ug/fah/music-and-sound-design-ba-hons/?term=2026-27&type=foundation
Coventry University,Coventry,School of Media and Performing Arts,BA (Hons),Popular Music Performance,3 years full-time,104 UCAS Tariff points; A-levels: BCC; GCSEs: English grade 4/C; BTEC: MMM; T Level: Overall Merit; IB: 24 points; Access to HE: 30 Level 3 credits at Pass; or equivalent international qualification,IELTS 6.0 overall (no band below 5.5) / TOEFL iBT 79 / PTE Academic 51,"Home/UK: £9,790/yr (2026/27; regulated, subject to parliamentary approval)
International: £17,600/yr (2026/27)
Placement year: £1,575 (UK) / £1,900 (International) for 2028/29 entry",29 January 2026,https://www.coventry.ac.uk/course-structure/ug/fah/popular-music-performance-ba-hons/?term=2026-27
Coventry University,Coventry,School of Humanities,BA (Hons),English Language and Linguistics,3 years full-time / 4 years sandwich,104 UCAS Tariff points; A-levels: BCC; GCSEs: English grade 4/C; BTEC: MMM; T Level: Overall Merit; IB: 24 points; Access to HE: 30 Level 3 credits at Pass; or equivalent international qualification,IELTS 6.0 overall (no band below 5.5) / TOEFL iBT 79 / PTE Academic 51,"Home/UK: £9,790/yr (2026/27; regulated, subject to parliamentary approval)
International: £17,600/yr (2026/27)
Placement year: £1,575 (UK) / £1,900 (International) for 2028/29 entry",29 January 2026,https://www.coventry.ac.uk/course-structure/ug/fah/english-language-linguistics-ba-hons/?term=2026-27
Coventry University,Coventry,School of Humanities,BA (Hons),English Language and Linguistics (with Foundation Year),4 years full-time (inc. Foundation Year),64 UCAS Tariff points; A-levels: DDD (foundation year entry); GCSEs: English grade 3/D; BTEC: PP; T Level: Overall Pass; IB: 24 points; Access to HE: 12 Level 3 credits; Foundation Year leading to degree progression; or equivalent international qualification,IELTS 6.0 overall (no band below 5.5) / TOEFL iBT 79 / PTE Academic 51,"Home/UK: £9,790/yr (2026/27; regulated, subject to parliamentary approval)
International: £17,600/yr (2026/27)
Foundation year same fee level; sandwich option not available in foundation year",29 January 2026,https://www.coventry.ac.uk/course-structure/ug/fah/english-language-linguistics-ba-hons/?term=2026-27&type=foundation
Coventry University,Coventry,School of Humanities,BA (Hons),English Literature,3 years full-time / 4 years sandwich,104 UCAS Tariff points; A-levels: BCC; GCSEs: English grade 4/C; BTEC: MMM; T Level: Overall Merit; IB: 24 points; Access to HE: 30 Level 3 credits at Pass; or equivalent international qualification,IELTS 6.0 overall (no band below 5.5) / TOEFL iBT 79 / PTE Academic 51,"Home/UK: £9,790/yr (2026/27; regulated, subject to parliamentary approval)
International: £17,600/yr (2026/27)
Placement year: £1,575 (UK) / £1,900 (International) for 2028/29 entry",29 January 2026,https://www.coventry.ac.uk/course-structure/ug/fah/english-literature-ba-hons/?term=2026-27
Coventry University,Coventry,School of Humanities,BA (Hons),English Literature (with Foundation Year),4 years full-time (inc. Foundation Year),64 UCAS Tariff points; A-levels: DDD (foundation year entry); GCSEs: English grade 3/D; BTEC: PP; T Level: Overall Pass; IB: 24 points; Access to HE: 12 Level 3 credits; Foundation Year leading to degree progression; or equivalent international qualification,IELTS 6.0 overall (no band below 5.5) / TOEFL iBT 79 / PTE Academic 51,"Home/UK: £9,790/yr (2026/27; regulated, subject to parliamentary approval)
International: £17,600/yr (2026/27)
Foundation year same fee level; sandwich option not available in foundation year",29 January 2026,https://www.coventry.ac.uk/course-structure/ug/fah/english-literature-ba-hons/?term=2026-27&type=foundation
Coventry University,Coventry,School of Humanities,BA (Hons),Creative Writing,3 years full-time / 4 years sandwich,104 UCAS Tariff points; A-levels: BCC; GCSEs: English grade 4/C; BTEC: MMM; T Level: Overall Merit; IB: 24 points; Access to HE: 30 Level 3 credits at Pass; or equivalent international qualification,IELTS 6.0 overall (no band below 5.5) / TOEFL iBT 79 / PTE Academic 51,"Home/UK: £9,790/yr (2026/27; regulated, subject to parliamentary approval)
International: £17,600/yr (2026/27)
Placement year: £1,575 (UK) / £1,900 (International) for 2028/29 entry",29 January 2026,https://www.coventry.ac.uk/course-structure/ug/fah/creative-writing-ba-hons/?term=2026-27
Coventry University,Coventry,School of Humanities,BA (Hons),Creative Writing (with Foundation Year),4 years full-time (inc. Foundation Year),64 UCAS Tariff points; A-levels: DDD (foundation year entry); GCSEs: English grade 3/D; BTEC: PP; T Level: Overall Pass; IB: 24 points; Access to HE: 12 Level 3 credits; Foundation Year leading to degree progression; or equivalent international qualification,IELTS 6.0 overall (no band below 5.5) / TOEFL iBT 79 / PTE Academic 51,"Home/UK: £9,790/yr (2026/27; regulated, subject to parliamentary approval)
International: £17,600/yr (2026/27)
Foundation year same fee level; sandwich option not available in foundation year",29 January 2026,https://www.coventry.ac.uk/course-structure/ug/fah/creative-writing-ba-hons/?term=2026-27&type=foundation
Coventry University,Coventry,School of Humanities,BA (Hons),History,3 years full-time / 4 years sandwich,104 UCAS Tariff points; A-levels: BCC; GCSEs: English grade 4/C; BTEC: MMM; T Level: Overall Merit; IB: 24 points; Access to HE: 30 Level 3 credits at Pass; or equivalent international qualification,IELTS 6.0 overall (no band below 5.5) / TOEFL iBT 79 / PTE Academic 51,"Home/UK: £9,790/yr (2026/27; regulated, subject to parliamentary approval)
International: £17,600/yr (2026/27)
Placement year: £1,575 (UK) / £1,900 (International) for 2028/29 entry",29 January 2026,https://www.coventry.ac.uk/course-structure/ug/fah/history-ba-hons/?term=2026-27
Coventry University,Coventry,School of Humanities,BA (Hons),History (with Foundation Year),4 years full-time (inc. Foundation Year),64 UCAS Tariff points; A-levels: DDD (foundation year entry); GCSEs: English grade 3/D; BTEC: PP; T Level: Overall Pass; IB: 24 points; Access to HE: 12 Level 3 credits; Foundation Year leading to degree progression; or equivalent international qualification,IELTS 6.0 overall (no band below 5.5) / TOEFL iBT 79 / PTE Academic 51,"Home/UK: £9,790/yr (2026/27; regulated, subject to parliamentary approval)
International: £17,600/yr (2026/27)
Foundation year same fee level; sandwich option not available in foundation year",29 January 2026,https://www.coventry.ac.uk/course-structure/ug/fah/history-ba-hons/?term=2026-27&type=foundation
Coventry University,Coventry,School of Humanities,BA (Hons),International Relations,3 years full-time / 4 years sandwich,104 UCAS Tariff points; A-levels: BCC; GCSEs: English grade 4/C; BTEC: MMM; T Level: Overall Merit; IB: 24 points; Access to HE: 30 Level 3 credits at Pass; or equivalent international qualification,IELTS 6.0 overall (no band below 5.5) / TOEFL iBT 79 / PTE Academic 51,"Home/UK: £9,790/yr (2026/27; regulated, subject to parliamentary approval)
International: £17,600/yr (2026/27)
Placement year: £1,575 (UK) / £1,900 (International) for 2028/29 entry",29 January 2026,https://www.coventry.ac.uk/course-structure/ug/fah/international-relations-ba-hons/?term=2026-27
Coventry University,Coventry,School of Humanities,BA (Hons),International Relations (with Foundation Year),4 years full-time (inc. Foundation Year),64 UCAS Tariff points; A-levels: DDD (foundation year entry); GCSEs: English grade 3/D; BTEC: PP; T Level: Overall Pass; IB: 24 points; Access to HE: 12 Level 3 credits; Foundation Year leading to degree progression; or equivalent international qualification,IELTS 6.0 overall (no band below 5.5) / TOEFL iBT 79 / PTE Academic 51,"Home/UK: £9,790/yr (2026/27; regulated, subject to parliamentary approval)
International: £17,600/yr (2026/27)
Foundation year same fee level; sandwich option not available in foundation year",29 January 2026,https://www.coventry.ac.uk/course-structure/ug/fah/international-relations-ba-hons/?term=2026-27&type=foundation
Coventry University,Coventry,School of Humanities,BA (Hons),Politics and International Relations,3 years full-time / 4 years sandwich,104 UCAS Tariff points; A-levels: BCC; GCSEs: English grade 4/C; BTEC: MMM; T Level: Overall Merit; IB: 24 points; Access to HE: 30 Level 3 credits at Pass; or equivalent international qualification,IELTS 6.0 overall (no band below 5.5) / TOEFL iBT 79 / PTE Academic 51,"Home/UK: £9,790/yr (2026/27; regulated, subject to parliamentary approval)
International: £17,600/yr (2026/27)
Placement year: £1,575 (UK) / £1,900 (International) for 2028/29 entry",29 January 2026,https://www.coventry.ac.uk/course-structure/ug/fah/politics-international-relations-ba-hons/?term=2026-27
Coventry University,Coventry,School of Humanities,BA (Hons),Politics and International Relations (with Foundation Year),4 years full-time (inc. Foundation Year),64 UCAS Tariff points; A-levels: DDD (foundation year entry); GCSEs: English grade 3/D; BTEC: PP; T Level: Overall Pass; IB: 24 points; Access to HE: 12 Level 3 credits; Foundation Year leading to degree progression; or equivalent international qualification,IELTS 6.0 overall (no band below 5.5) / TOEFL iBT 79 / PTE Academic 51,"Home/UK: £9,790/yr (2026/27; regulated, subject to parliamentary approval)
International: £17,600/yr (2026/27)
Foundation year same fee level; sandwich option not available in foundation year",29 January 2026,https://www.coventry.ac.uk/course-structure/ug/fah/politics-international-relations-ba-hons/?term=2026-27&type=foundation
Coventry University,Coventry,School of Humanities,BA (Hons),Philosophy,3 years full-time / 4 years sandwich,104 UCAS Tariff points; A-levels: BCC; GCSEs: English grade 4/C; BTEC: MMM; T Level: Overall Merit; IB: 24 points; Access to HE: 30 Level 3 credits at Pass; or equivalent international qualification,IELTS 6.0 overall (no band below 5.5) / TOEFL iBT 79 / PTE Academic 51,"Home/UK: £9,790/yr (2026/27; regulated, subject to parliamentary approval)
International: £17,600/yr (2026/27)
Placement year: £1,575 (UK) / £1,900 (International) for 2028/29 entry",29 January 2026,https://www.coventry.ac.uk/course-structure/ug/fah/philosophy-ba-hons/?term=2026-27
Coventry University,Coventry,"School of Nursing, Midwifery and Healthcare",BSc (Hons),Adult Nursing,3 years full-time,112 UCAS Tariff points; A-levels: BBC; GCSEs: English and Science grade 4/C (Maths desirable); BTEC: DMM; T Level: Overall Merit; IB: 24 points; Access to HE: 30 Level 3 credits at Merit; NMC occupational health and DBS check required; interview may be required; or equivalent international qualification,"IELTS 7.0 overall (no band below 7.0, NMC/HCPC requirement) / TOEFL iBT 95 / PTE Academic 65","Home/UK: £9,790/yr (2026/27; regulated, subject to parliamentary approval)
International: £17,600/yr (2026/27)
Home UK students eligible for non-repayable NHS Learning Support Fund payment of £5,000/yr (minimum)",29 January 2026,https://www.coventry.ac.uk/course-structure/ug/hls-nhs/adult-nursing-bsc-hons/?term=2026-27
Coventry University,Coventry,"School of Nursing, Midwifery and Healthcare",BSc (Hons),Adult Nursing (with Foundation Year),4 years full-time (inc. Foundation Year),64 UCAS Tariff points; A-levels: DDD (foundation year entry); GCSEs: English grade 3/D; BTEC: PP; T Level: Overall Pass; IB: 24 points; Access to HE: 12 Level 3 credits; Foundation Year leading to degree progression; or equivalent international qualification,"IELTS 7.0 overall (no band below 7.0, NMC/HCPC requirement) / TOEFL iBT 95 / PTE Academic 65","Home/UK: £9,790/yr (2026/27; regulated, subject to parliamentary approval)
International: £17,600/yr (2026/27)
Home UK students eligible for non-repayable NHS Learning Support Fund payment of £5,000/yr (minimum)
Foundation year rate applies for Year 0",29 January 2026,https://www.coventry.ac.uk/course-structure/ug/hls-nhs/adult-nursing-bsc-hons/?term=2026-27&type=foundation
Coventry University,Coventry,"School of Nursing, Midwifery and Healthcare",BSc (Hons),Adult Nursing (Blended Learning),3 years full-time (blended/online),112 UCAS Tariff points; A-levels: BBC; GCSEs: English and Science grade 4/C (Maths desirable); BTEC: DMM; T Level: Overall Merit; IB: 24 points; Access to HE: 30 Level 3 credits at Merit; NMC occupational health and DBS check required; interview may be required; or equivalent international qualification,"IELTS 7.0 overall (no band below 7.0, NMC/HCPC requirement) / TOEFL iBT 95 / PTE Academic 65","Home/UK: £9,790/yr (2026/27; regulated, subject to parliamentary approval)
International: £17,600/yr (2026/27)
Home UK students eligible for non-repayable NHS Learning Support Fund payment of £5,000/yr (minimum)",29 January 2026,https://www.coventry.ac.uk/course-structure/ug/hls-nhs/adult-nursing-blended-learning-bsc-hons/?term=2026-27
Coventry University,Coventry,"School of Nursing, Midwifery and Healthcare",BSc (Hons),Children and Young People's Nursing,3 years full-time,112 UCAS Tariff points; A-levels: BBC; GCSEs: English and Science grade 4/C (Maths desirable); BTEC: DMM; T Level: Overall Merit; IB: 24 points; Access to HE: 30 Level 3 credits at Merit; NMC occupational health and DBS check required; interview may be required; or equivalent international qualification,"IELTS 7.0 overall (no band below 7.0, NMC/HCPC requirement) / TOEFL iBT 95 / PTE Academic 65","Home/UK: £9,790/yr (2026/27; regulated, subject to parliamentary approval)
International: £17,600/yr (2026/27)
Home UK students eligible for non-repayable NHS Learning Support Fund payment of £5,000/yr (minimum)",29 January 2026,https://www.coventry.ac.uk/course-structure/ug/hls-nhs/children-young-peoples-nursing-bsc-hons/?term=2026-27
Coventry University,Coventry,"School of Nursing, Midwifery and Healthcare",BSc (Hons),Children and Young People's Nursing (with Foundation Year),4 years full-time (inc. Foundation Year),64 UCAS Tariff points; A-levels: DDD (foundation year entry); GCSEs: English grade 3/D; BTEC: PP; T Level: Overall Pass; IB: 24 points; Access to HE: 12 Level 3 credits; Foundation Year leading to degree progression; or equivalent international qualification,"IELTS 7.0 overall (no band below 7.0, NMC/HCPC requirement) / TOEFL iBT 95 / PTE Academic 65","Home/UK: £9,790/yr (2026/27; regulated, subject to parliamentary approval)
International: £17,600/yr (2026/27)
Home UK students eligible for non-repayable NHS Learning Support Fund payment of £5,000/yr (minimum)
Foundation year rate applies for Year 0",29 January 2026,https://www.coventry.ac.uk/course-structure/ug/hls-nhs/children-young-peoples-nursing-bsc-hons/?term=2026-27&type=foundation
Coventry University,Coventry,"School of Nursing, Midwifery and Healthcare",BSc (Hons),Learning Disabilities Nursing,3 years full-time,112 UCAS Tariff points; A-levels: BBC; GCSEs: English and Science grade 4/C (Maths desirable); BTEC: DMM; T Level: Overall Merit; IB: 24 points; Access to HE: 30 Level 3 credits at Merit; NMC occupational health and DBS check required; interview may be required; or equivalent international qualification,"IELTS 7.0 overall (no band below 7.0, NMC/HCPC requirement) / TOEFL iBT 95 / PTE Academic 65","Home/UK: £9,790/yr (2026/27; regulated, subject to parliamentary approval)
International: £17,600/yr (2026/27)
Home UK students eligible for non-repayable NHS Learning Support Fund payment of £5,000/yr (minimum)",29 January 2026,https://www.coventry.ac.uk/course-structure/ug/hls-nhs/learning-disabilities-nursing-bsc-hons/?term=2026-27
Coventry University,Coventry,"School of Nursing, Midwifery and Healthcare",BSc (Hons),Learning Disabilities Nursing (with Foundation Year),4 years full-time (inc. Foundation Year),64 UCAS Tariff points; A-levels: DDD (foundation year entry); GCSEs: English grade 3/D; BTEC: PP; T Level: Overall Pass; IB: 24 points; Access to HE: 12 Level 3 credits; Foundation Year leading to degree progression; or equivalent international qualification,"IELTS 7.0 overall (no band below 7.0, NMC/HCPC requirement) / TOEFL iBT 95 / PTE Academic 65","Home/UK: £9,790/yr (2026/27; regulated, subject to parliamentary approval)
International: £17,600/yr (2026/27)
Home UK students eligible for non-repayable NHS Learning Support Fund payment of £5,000/yr (minimum)
Foundation year rate applies for Year 0",29 January 2026,https://www.coventry.ac.uk/course-structure/ug/hls-nhs/learning-disabilities-nursing-bsc-hons/?term=2026-27&type=foundation
Coventry University,Coventry,"School of Nursing, Midwifery and Healthcare",BSc (Hons),Mental Health Nursing,3 years full-time,112 UCAS Tariff points; A-levels: BBC; GCSEs: English and Science grade 4/C (Maths desirable); BTEC: DMM; T Level: Overall Merit; IB: 24 points; Access to HE: 30 Level 3 credits at Merit; NMC occupational health and DBS check required; interview may be required; or equivalent international qualification,"IELTS 7.0 overall (no band below 7.0, NMC/HCPC requirement) / TOEFL iBT 95 / PTE Academic 65","Home/UK: £9,790/yr (2026/27; regulated, subject to parliamentary approval)
International: £17,600/yr (2026/27)
Home UK students eligible for non-repayable NHS Learning Support Fund payment of £5,000/yr (minimum)",29 January 2026,https://www.coventry.ac.uk/course-structure/ug/hls-nhs/mental-health-nursing-bsc-hons/?term=2026-27
Coventry University,Coventry,"School of Nursing, Midwifery and Healthcare",BSc (Hons),Mental Health Nursing (with Foundation Year),4 years full-time (inc. Foundation Year),64 UCAS Tariff points; A-levels: DDD (foundation year entry); GCSEs: English grade 3/D; BTEC: PP; T Level: Overall Pass; IB: 24 points; Access to HE: 12 Level 3 credits; Foundation Year leading to degree progression; or equivalent international qualification,"IELTS 7.0 overall (no band below 7.0, NMC/HCPC requirement) / TOEFL iBT 95 / PTE Academic 65","Home/UK: £9,790/yr (2026/27; regulated, subject to parliamentary approval)
International: £17,600/yr (2026/27)
Home UK students eligible for non-repayable NHS Learning Support Fund payment of £5,000/yr (minimum)
Foundation year rate applies for Year 0",29 January 2026,https://www.coventry.ac.uk/course-structure/ug/hls-nhs/mental-health-nursing-bsc-hons/?term=2026-27&type=foundation
Coventry University,Coventry,"School of Nursing, Midwifery and Healthcare",BSc (Hons),Midwifery,3 years full-time,112 UCAS Tariff points; A-levels: BBC; GCSEs: English and Science grade 4/C (Maths desirable); BTEC: DMM; T Level: Overall Merit; IB: 24 points; Access to HE: 30 Level 3 credits at Merit; NMC occupational health and DBS check required; interview may be required; or equivalent international qualification,"IELTS 7.0 overall (no band below 7.0, NMC/HCPC requirement) / TOEFL iBT 95 / PTE Academic 65","Home/UK: £9,790/yr (2026/27; regulated, subject to parliamentary approval)
International: £17,600/yr (2026/27)
Home UK students eligible for non-repayable NHS Learning Support Fund payment of £5,000/yr (minimum)",29 January 2026,https://www.coventry.ac.uk/course-structure/ug/hls-nhs/midwifery-bsc-hons/?term=2026-27
Coventry University,Coventry,"School of Nursing, Midwifery and Healthcare",BSc (Hons),Operating Department Practice,3 years full-time,112 UCAS Tariff points; A-levels: BBC; GCSEs: English and Science grade 4/C (Maths desirable); BTEC: DMM; T Level: Overall Merit; IB: 24 points; Access to HE: 30 Level 3 credits at Merit; NMC occupational health and DBS check required; interview may be required; or equivalent international qualification,"IELTS 7.0 overall (no band below 7.0, NMC/HCPC requirement) / TOEFL iBT 95 / PTE Academic 65","Home/UK: £9,790/yr (2026/27; regulated, subject to parliamentary approval)
International: £17,600/yr (2026/27)
Home UK students eligible for non-repayable NHS Learning Support Fund payment of £5,000/yr (minimum)",29 January 2026,https://www.coventry.ac.uk/course-structure/ug/hls-nhs/operating-department-practice-bsc-hons/?term=2026-27
Coventry University,Coventry,"School of Nursing, Midwifery and Healthcare",BSc (Hons),Operating Department Practice (with Foundation Year),4 years full-time (inc. Foundation Year),64 UCAS Tariff points; A-levels: DDD (foundation year entry); GCSEs: English grade 3/D; BTEC: PP; T Level: Overall Pass; IB: 24 points; Access to HE: 12 Level 3 credits; Foundation Year leading to degree progression; or equivalent international qualification,"IELTS 7.0 overall (no band below 7.0, NMC/HCPC requirement) / TOEFL iBT 95 / PTE Academic 65","Home/UK: £9,790/yr (2026/27; regulated, subject to parliamentary approval)
International: £17,600/yr (2026/27)
Home UK students eligible for non-repayable NHS Learning Support Fund payment of £5,000/yr (minimum)
Foundation year rate applies for Year 0",29 January 2026,https://www.coventry.ac.uk/course-structure/ug/hls-nhs/operating-department-practice-bsc-hons/?term=2026-27&type=foundation
Coventry University,Coventry,"School of Nursing, Midwifery and Healthcare",FdSc,Nursing Associate,2 years full-time,96 UCAS Tariff points; A-levels: CCC; GCSEs: English grade 4/C; BTEC: MMM; T Level: Overall Merit; IB: 24 points; Access to HE: 30 Level 3 credits at Pass; or equivalent international qualification,"IELTS 7.0 overall (no band below 7.0, NMC/HCPC requirement) / TOEFL iBT 95 / PTE Academic 65","Home/UK: £9,790/yr (2026/27; regulated, subject to parliamentary approval)
International: £17,600/yr (2026/27)
Home UK students eligible for non-repayable NHS Learning Support Fund payment of £5,000/yr (minimum)",29 January 2026,https://www.coventry.ac.uk/course-structure/ug/hls-nhs/nursing-associate-foundation-degree/?term=2026-27
Coventry University,Coventry,School of Health and Life Sciences,BSc (Hons),Pharmacology,3 years full-time / 4 years sandwich,"112 UCAS Tariff points; A-levels: BBC including a science subject; GCSEs: Maths, English and Science grade 4/C; BTEC: DMM; T Level: Overall Merit; IB: 24 points; Access to HE: 30 Level 3 credits at Merit; or equivalent international qualification",IELTS 6.0 overall (no band below 5.5) / TOEFL iBT 79 / PTE Academic 51,"Home/UK: £9,790/yr (2026/27; regulated, subject to parliamentary approval)
International: £17,600/yr (2026/27)
Placement year: £1,575 (UK) / £1,900 (International) for 2028/29 entry",29 January 2026,https://www.coventry.ac.uk/course-structure/ug/hls-nhs/pharmacology-bsc-hons/?term=2026-27
Coventry University,Coventry,School of Health and Life Sciences,BSc (Hons),Pharmacology (with Foundation Year),4 years full-time (inc. Foundation Year),64 UCAS Tariff points; A-levels: DDD (foundation year entry); GCSEs: English grade 3/D; BTEC: PP; T Level: Overall Pass; IB: 24 points; Access to HE: 12 Level 3 credits; Foundation Year leading to degree progression; or equivalent international qualification,IELTS 6.0 overall (no band below 5.5) / TOEFL iBT 79 / PTE Academic 51,"Home/UK: £9,790/yr (2026/27; regulated, subject to parliamentary approval)
International: £17,600/yr (2026/27)
Foundation year same fee level; sandwich option not available in foundation year",29 January 2026,https://www.coventry.ac.uk/course-structure/ug/hls-nhs/pharmacology-bsc-hons/?term=2026-27&type=foundation
Coventry University,Coventry,School of Health and Life Sciences,BSc (Hons),Biomedical Science,3 years full-time / 4 years sandwich,"112 UCAS Tariff points; A-levels: BBC including a science subject; GCSEs: Maths, English and Science grade 4/C; BTEC: DMM; T Level: Overall Merit; IB: 24 points; Access to HE: 30 Level 3 credits at Merit; or equivalent international qualification",IELTS 6.0 overall (no band below 5.5) / TOEFL iBT 79 / PTE Academic 51,"Home/UK: £9,790/yr (2026/27; regulated, subject to parliamentary approval)
International: £17,600/yr (2026/27)
Placement year: £1,575 (UK) / £1,900 (International) for 2028/29 entry",29 January 2026,https://www.coventry.ac.uk/course-structure/ug/hls-nhs/biomedical-science-bsc-hons/?term=2026-27
Coventry University,Coventry,School of Health and Life Sciences,BSc (Hons),Biomedical Science (with Foundation Year),4 years full-time (inc. Foundation Year),64 UCAS Tariff points; A-levels: DDD (foundation year entry); GCSEs: English grade 3/D; BTEC: PP; T Level: Overall Pass; IB: 24 points; Access to HE: 12 Level 3 credits; Foundation Year leading to degree progression; or equivalent international qualification,IELTS 6.0 overall (no band below 5.5) / TOEFL iBT 79 / PTE Academic 51,"Home/UK: £9,790/yr (2026/27; regulated, subject to parliamentary approval)
International: £17,600/yr (2026/27)
Foundation year same fee level; sandwich option not available in foundation year",29 January 2026,https://www.coventry.ac.uk/course-structure/ug/hls-nhs/biomedical-science-bsc-hons/?term=2026-27&type=foundation
Coventry University,Coventry,School of Health and Life Sciences,BSc (Hons),Biological and Forensic Sciences,3 years full-time / 4 years sandwich,"112 UCAS Tariff points; A-levels: BBC including a science subject; GCSEs: Maths, English and Science grade 4/C; BTEC: DMM; T Level: Overall Merit; IB: 24 points; Access to HE: 30 Level 3 credits at Merit; or equivalent international qualification",IELTS 6.0 overall (no band below 5.5) / TOEFL iBT 79 / PTE Academic 51,"Home/UK: £9,790/yr (2026/27; regulated, subject to parliamentary approval)
International: £17,600/yr (2026/27)
Placement year: £1,575 (UK) / £1,900 (International) for 2028/29 entry",29 January 2026,https://www.coventry.ac.uk/course-structure/ug/hls-nhs/biological-forensic-sciences-bsc-hons/?term=2026-27
Coventry University,Coventry,School of Health and Life Sciences,BSc (Hons),Biological and Forensic Sciences (with Foundation Year),4 years full-time (inc. Foundation Year),64 UCAS Tariff points; A-levels: DDD (foundation year entry); GCSEs: English grade 3/D; BTEC: PP; T Level: Overall Pass; IB: 24 points; Access to HE: 12 Level 3 credits; Foundation Year leading to degree progression; or equivalent international qualification,IELTS 6.0 overall (no band below 5.5) / TOEFL iBT 79 / PTE Academic 51,"Home/UK: £9,790/yr (2026/27; regulated, subject to parliamentary approval)
International: £17,600/yr (2026/27)
Foundation year same fee level; sandwich option not available in foundation year",29 January 2026,https://www.coventry.ac.uk/course-structure/ug/hls-nhs/biological-forensic-sciences-bsc-hons/?term=2026-27&type=foundation
Coventry University,Coventry,School of Health and Life Sciences,BSc (Hons),Applied Biosciences,3 years full-time / 4 years sandwich,104 UCAS Tariff points; A-levels: BCC; GCSEs: English grade 4/C; BTEC: MMM; T Level: Overall Merit; IB: 24 points; Access to HE: 30 Level 3 credits at Pass; or equivalent international qualification,IELTS 6.0 overall (no band below 5.5) / TOEFL iBT 79 / PTE Academic 51,"Home/UK: £9,790/yr (2026/27; regulated, subject to parliamentary approval)
International: £17,600/yr (2026/27)
Placement year: £1,575 (UK) / £1,900 (International) for 2028/29 entry",29 January 2026,https://www.coventry.ac.uk/course-structure/ug/hls-nhs/applied-biosciences-bsc-hons/?term=2026-27
Coventry University,Coventry,School of Health and Life Sciences,BSc (Hons),Applied Biosciences (with Foundation Year),4 years full-time (inc. Foundation Year),64 UCAS Tariff points; A-levels: DDD (foundation year entry); GCSEs: English grade 3/D; BTEC: PP; T Level: Overall Pass; IB: 24 points; Access to HE: 12 Level 3 credits; Foundation Year leading to degree progression; or equivalent international qualification,IELTS 6.0 overall (no band below 5.5) / TOEFL iBT 79 / PTE Academic 51,"Home/UK: £9,790/yr (2026/27; regulated, subject to parliamentary approval)
International: £17,600/yr (2026/27)
Foundation year same fee level; sandwich option not available in foundation year",29 January 2026,https://www.coventry.ac.uk/course-structure/ug/hls-nhs/applied-biosciences-bsc-hons/?term=2026-27&type=foundation
Coventry University,Coventry,School of Health and Life Sciences,BSc (Hons),Public Health,3 years full-time / 4 years sandwich,"112 UCAS Tariff points; A-levels: BBC; GCSEs: Maths and English grade 4/C; BTEC: DMM; T Level: Overall Merit; IB: 24 points; Access to HE: 30 Level 3 credits at Merit, plus GCSE English and Maths grade 4/C; or equivalent international qualification",IELTS 6.0 overall (no band below 5.5) / TOEFL iBT 79 / PTE Academic 51,"Home/UK: £9,790/yr (2026/27; regulated, subject to parliamentary approval)
International: £17,600/yr (2026/27)
Placement year: £1,575 (UK) / £1,900 (International) for 2028/29 entry",29 January 2026,https://www.coventry.ac.uk/course-structure/ug/hls-nhs/public-health-bsc-hons/?term=2026-27
Coventry University,Coventry,School of Health and Life Sciences,BSc (Hons),Public Health (with Foundation Year),4 years full-time (inc. Foundation Year),64 UCAS Tariff points; A-levels: DDD (foundation year entry); GCSEs: English grade 3/D; BTEC: PP; T Level: Overall Pass; IB: 24 points; Access to HE: 12 Level 3 credits; Foundation Year leading to degree progression; or equivalent international qualification,IELTS 6.0 overall (no band below 5.5) / TOEFL iBT 79 / PTE Academic 51,"Home/UK: £9,790/yr (2026/27; regulated, subject to parliamentary approval)
International: £17,600/yr (2026/27)
Foundation year same fee level; sandwich option not available in foundation year",29 January 2026,https://www.coventry.ac.uk/course-structure/ug/hls-nhs/public-health-bsc-hons/?term=2026-27&type=foundation
Coventry University,Coventry,School of Health and Life Sciences,BSc (Hons),Sport and Exercise Science,3 years full-time / 4 years sandwich,"112 UCAS Tariff points; A-levels: BBC; GCSEs: Maths and English grade 4/C; BTEC: DMM; T Level: Overall Merit; IB: 24 points; Access to HE: 30 Level 3 credits at Merit, plus GCSE English and Maths grade 4/C; or equivalent international qualification",IELTS 6.0 overall (no band below 5.5) / TOEFL iBT 79 / PTE Academic 51,"Home/UK: £9,790/yr (2026/27; regulated, subject to parliamentary approval)
International: £17,600/yr (2026/27)
Placement year: £1,575 (UK) / £1,900 (International) for 2028/29 entry",29 January 2026,https://www.coventry.ac.uk/course-structure/ug/hls-nhs/sport-and-exercise-science-bsc-hons/?term=2026-27
Coventry University,Coventry,School of Health and Life Sciences,BSc (Hons),Sport and Exercise Science (with Foundation Year),4 years full-time (inc. Foundation Year),64 UCAS Tariff points; A-levels: DDD (foundation year entry); GCSEs: English grade 3/D; BTEC: PP; T Level: Overall Pass; IB: 24 points; Access to HE: 12 Level 3 credits; Foundation Year leading to degree progression; or equivalent international qualification,IELTS 6.0 overall (no band below 5.5) / TOEFL iBT 79 / PTE Academic 51,"Home/UK: £9,790/yr (2026/27; regulated, subject to parliamentary approval)
International: £17,600/yr (2026/27)
Foundation year same fee level; sandwich option not available in foundation year",29 January 2026,https://www.coventry.ac.uk/course-structure/ug/hls-nhs/sport-and-exercise-science-bsc-hons/?term=2026-27&type=foundation
Coventry University,Coventry,School of Health and Life Sciences,BSc (Hons),Sport Management,3 years full-time / 4 years sandwich,"112 UCAS Tariff points; A-levels: BBC; GCSEs: Maths and English grade 4/C; BTEC: DMM; T Level: Overall Merit; IB: 24 points; Access to HE: 30 Level 3 credits at Merit, plus GCSE English and Maths grade 4/C; or equivalent international qualification",IELTS 6.0 overall (no band below 5.5) / TOEFL iBT 79 / PTE Academic 51,"Home/UK: £9,790/yr (2026/27; regulated, subject to parliamentary approval)
International: £17,600/yr (2026/27)
Placement year: £1,575 (UK) / £1,900 (International) for 2028/29 entry",29 January 2026,https://www.coventry.ac.uk/course-structure/ug/hls-nhs/sport-management-bsc-hons/?term=2026-27
Coventry University,Coventry,School of Health and Life Sciences,BSc (Hons),Sport Management (with Foundation Year),4 years full-time (inc. Foundation Year),64 UCAS Tariff points; A-levels: DDD (foundation year entry); GCSEs: English grade 3/D; BTEC: PP; T Level: Overall Pass; IB: 24 points; Access to HE: 12 Level 3 credits; Foundation Year leading to degree progression; or equivalent international qualification,IELTS 6.0 overall (no band below 5.5) / TOEFL iBT 79 / PTE Academic 51,"Home/UK: £9,790/yr (2026/27; regulated, subject to parliamentary approval)
International: £17,600/yr (2026/27)
Foundation year same fee level; sandwich option not available in foundation year",29 January 2026,https://www.coventry.ac.uk/course-structure/ug/hls-nhs/sport-management-bsc-hons/?term=2026-27&type=foundation
Coventry University,Coventry,School of Health and Life Sciences,BSc (Hons),Sport Coaching,3 years full-time / 4 years sandwich,"112 UCAS Tariff points; A-levels: BBC; GCSEs: Maths and English grade 4/C; BTEC: DMM; T Level: Overall Merit; IB: 24 points; Access to HE: 30 Level 3 credits at Merit, plus GCSE English and Maths grade 4/C; or equivalent international qualification",IELTS 6.0 overall (no band below 5.5) / TOEFL iBT 79 / PTE Academic 51,"Home/UK: £9,790/yr (2026/27; regulated, subject to parliamentary approval)
International: £17,600/yr (2026/27)
Placement year: £1,575 (UK) / £1,900 (International) for 2028/29 entry",29 January 2026,https://www.coventry.ac.uk/course-structure/ug/hls-nhs/sport-coaching-bsc-hons/?term=2026-27
Coventry University,Coventry,School of Health and Life Sciences,BSc (Hons),Sport Coaching (with Foundation Year),4 years full-time (inc. Foundation Year),64 UCAS Tariff points; A-levels: DDD (foundation year entry); GCSEs: English grade 3/D; BTEC: PP; T Level: Overall Pass; IB: 24 points; Access to HE: 12 Level 3 credits; Foundation Year leading to degree progression; or equivalent international qualification,IELTS 6.0 overall (no band below 5.5) / TOEFL iBT 79 / PTE Academic 51,"Home/UK: £9,790/yr (2026/27; regulated, subject to parliamentary approval)
International: £17,600/yr (2026/27)
Foundation year same fee level; sandwich option not available in foundation year",29 January 2026,https://www.coventry.ac.uk/course-structure/ug/hls-nhs/sport-coaching-bsc-hons/?term=2026-27&type=foundation
Coventry University,Coventry,"School of Psychological, Social and Behavioural Sciences",BSc (Hons),Psychology,3 years full-time / 4 years sandwich,"112 UCAS Tariff points; A-levels: BBC; GCSEs: Maths and English grade 4/C; BTEC: DMM; T Level: Overall Merit; IB: 24 points; Access to HE: 30 Level 3 credits at Merit, plus GCSE English and Maths grade 4/C; or equivalent international qualification",IELTS 6.0 overall (no band below 5.5) / TOEFL iBT 79 / PTE Academic 51,"Home/UK: £9,790/yr (2026/27; regulated, subject to parliamentary approval)
International: £17,600/yr (2026/27)
Placement year: £1,575 (UK) / £1,900 (International) for 2028/29 entry",29 January 2026,https://www.coventry.ac.uk/course-structure/ug/fss/psychology-bsc-hons/?term=2026-27
Coventry University,Coventry,"School of Psychological, Social and Behavioural Sciences",BSc (Hons),Psychology (with Foundation Year),4 years full-time (inc. Foundation Year),64 UCAS Tariff points; A-levels: DDD (foundation year entry); GCSEs: English grade 3/D; BTEC: PP; T Level: Overall Pass; IB: 24 points; Access to HE: 12 Level 3 credits; Foundation Year leading to degree progression; or equivalent international qualification,IELTS 6.0 overall (no band below 5.5) / TOEFL iBT 79 / PTE Academic 51,"Home/UK: £9,790/yr (2026/27; regulated, subject to parliamentary approval)
International: £17,600/yr (2026/27)
Foundation year same fee level; sandwich option not available in foundation year",29 January 2026,https://www.coventry.ac.uk/course-structure/ug/fss/psychology-bsc-hons/?term=2026-27&type=foundation
Coventry University,Coventry,"School of Psychological, Social and Behavioural Sciences",BSc (Hons),Criminology,3 years full-time / 4 years sandwich,"112 UCAS Tariff points; A-levels: BBC; GCSEs: Maths and English grade 4/C; BTEC: DMM; T Level: Overall Merit; IB: 24 points; Access to HE: 30 Level 3 credits at Merit, plus GCSE English and Maths grade 4/C; or equivalent international qualification",IELTS 6.0 overall (no band below 5.5) / TOEFL iBT 79 / PTE Academic 51,"Home/UK: £9,790/yr (2026/27; regulated, subject to parliamentary approval)
International: £17,600/yr (2026/27)
Placement year: £1,575 (UK) / £1,900 (International) for 2028/29 entry",29 January 2026,https://www.coventry.ac.uk/course-structure/ug/fss/criminology-bsc-hons/?term=2026-27
Coventry University,Coventry,"School of Psychological, Social and Behavioural Sciences",BSc (Hons),Criminology (with Foundation Year),4 years full-time (inc. Foundation Year),64 UCAS Tariff points; A-levels: DDD (foundation year entry); GCSEs: English grade 3/D; BTEC: PP; T Level: Overall Pass; IB: 24 points; Access to HE: 12 Level 3 credits; Foundation Year leading to degree progression; or equivalent international qualification,IELTS 6.0 overall (no band below 5.5) / TOEFL iBT 79 / PTE Academic 51,"Home/UK: £9,790/yr (2026/27; regulated, subject to parliamentary approval)
International: £17,600/yr (2026/27)
Foundation year same fee level; sandwich option not available in foundation year",29 January 2026,https://www.coventry.ac.uk/course-structure/ug/fss/criminology-bsc-hons/?term=2026-27&type=foundation
Coventry University,Coventry,"School of Psychological, Social and Behavioural Sciences",BSc (Hons),Criminology and Law,3 years full-time / 4 years sandwich,"112 UCAS Tariff points; A-levels: BBC; GCSEs: Maths and English grade 4/C; BTEC: DMM; T Level: Overall Merit; IB: 24 points; Access to HE: 30 Level 3 credits at Merit, plus GCSE English and Maths grade 4/C; or equivalent international qualification",IELTS 6.0 overall (no band below 5.5) / TOEFL iBT 79 / PTE Academic 51,"Home/UK: £9,790/yr (2026/27; regulated, subject to parliamentary approval)
International: £17,600/yr (2026/27)
Placement year: £1,575 (UK) / £1,900 (International) for 2028/29 entry",29 January 2026,https://www.coventry.ac.uk/course-structure/ug/fss/criminology-law-bsc-hons/?term=2026-27
Coventry University,Coventry,"School of Psychological, Social and Behavioural Sciences",BSc (Hons),Criminology and Law (with Foundation Year),4 years full-time (inc. Foundation Year),64 UCAS Tariff points; A-levels: DDD (foundation year entry); GCSEs: English grade 3/D; BTEC: PP; T Level: Overall Pass; IB: 24 points; Access to HE: 12 Level 3 credits; Foundation Year leading to degree progression; or equivalent international qualification,IELTS 6.0 overall (no band below 5.5) / TOEFL iBT 79 / PTE Academic 51,"Home/UK: £9,790/yr (2026/27; regulated, subject to parliamentary approval)
International: £17,600/yr (2026/27)
Foundation year same fee level; sandwich option not available in foundation year",29 January 2026,https://www.coventry.ac.uk/course-structure/ug/fss/criminology-law-bsc-hons/?term=2026-27&type=foundation
Coventry University,Coventry,"School of Psychological, Social and Behavioural Sciences",BSc (Hons),Forensic Science,3 years full-time / 4 years sandwich,"112 UCAS Tariff points; A-levels: BBC including a science subject; GCSEs: Maths, English and Science grade 4/C; BTEC: DMM; T Level: Overall Merit; IB: 24 points; Access to HE: 30 Level 3 credits at Merit; or equivalent international qualification",IELTS 6.0 overall (no band below 5.5) / TOEFL iBT 79 / PTE Academic 51,"Home/UK: £9,790/yr (2026/27; regulated, subject to parliamentary approval)
International: £17,600/yr (2026/27)
Placement year: £1,575 (UK) / £1,900 (International) for 2028/29 entry",29 January 2026,https://www.coventry.ac.uk/course-structure/ug/fss/forensic-science-bsc-hons/?term=2026-27
Coventry University,Coventry,"School of Psychological, Social and Behavioural Sciences",BSc (Hons),Forensic Science (with Foundation Year),4 years full-time (inc. Foundation Year),64 UCAS Tariff points; A-levels: DDD (foundation year entry); GCSEs: English grade 3/D; BTEC: PP; T Level: Overall Pass; IB: 24 points; Access to HE: 12 Level 3 credits; Foundation Year leading to degree progression; or equivalent international qualification,IELTS 6.0 overall (no band below 5.5) / TOEFL iBT 79 / PTE Academic 51,"Home/UK: £9,790/yr (2026/27; regulated, subject to parliamentary approval)
International: £17,600/yr (2026/27)
Foundation year same fee level; sandwich option not available in foundation year",29 January 2026,https://www.coventry.ac.uk/course-structure/ug/fss/forensic-science-bsc-hons/?term=2026-27&type=foundation
Coventry University,Coventry,"School of Psychological, Social and Behavioural Sciences",BA (Hons),Social Work,3 years full-time,"112 UCAS Tariff points; A-levels: BBC; GCSEs: Maths and English grade 4/C; BTEC: DMM; T Level: Overall Merit; IB: 24 points; Access to HE: 30 Level 3 credits at Merit, plus GCSE English and Maths grade 4/C; or equivalent international qualification","IELTS 7.0 overall (no band below 7.0, NMC/HCPC requirement) / TOEFL iBT 95 / PTE Academic 65","Home/UK: £9,790/yr (2026/27; regulated, subject to parliamentary approval)
International: £17,600/yr (2026/27)
Placement year: £1,575 (UK) / £1,900 (International) for 2028/29 entry",29 January 2026,https://www.coventry.ac.uk/course-structure/ug/fss/social-work-ba-hons/?term=2026-27
Coventry University,Coventry,"School of Psychological, Social and Behavioural Sciences",BA (Hons),Sociology,3 years full-time / 4 years sandwich,104 UCAS Tariff points; A-levels: BCC; GCSEs: English grade 4/C; BTEC: MMM; T Level: Overall Merit; IB: 24 points; Access to HE: 30 Level 3 credits at Pass; or equivalent international qualification,IELTS 6.0 overall (no band below 5.5) / TOEFL iBT 79 / PTE Academic 51,"Home/UK: £9,790/yr (2026/27; regulated, subject to parliamentary approval)
International: £17,600/yr (2026/27)
Placement year: £1,575 (UK) / £1,900 (International) for 2028/29 entry",29 January 2026,https://www.coventry.ac.uk/course-structure/ug/fss/sociology-ba-hons/?term=2026-27
Coventry University,Coventry,"School of Psychological, Social and Behavioural Sciences",BA (Hons),Sociology (with Foundation Year),4 years full-time (inc. Foundation Year),64 UCAS Tariff points; A-levels: DDD (foundation year entry); GCSEs: English grade 3/D; BTEC: PP; T Level: Overall Pass; IB: 24 points; Access to HE: 12 Level 3 credits; Foundation Year leading to degree progression; or equivalent international qualification,IELTS 6.0 overall (no band below 5.5) / TOEFL iBT 79 / PTE Academic 51,"Home/UK: £9,790/yr (2026/27; regulated, subject to parliamentary approval)
International: £17,600/yr (2026/27)
Foundation year same fee level; sandwich option not available in foundation year",29 January 2026,https://www.coventry.ac.uk/course-structure/ug/fss/sociology-ba-hons/?term=2026-27&type=foundation
Coventry University,Coventry,"School of Energy, Construction and Environment",BSc (Hons),Environment and Sustainability,3 years full-time / 4 years sandwich,"112 UCAS Tariff points; A-levels: BBC; GCSEs: Maths and English grade 4/C; BTEC: DMM; T Level: Overall Merit; IB: 24 points; Access to HE: 30 Level 3 credits at Merit, plus GCSE English and Maths grade 4/C; or equivalent international qualification",IELTS 6.0 overall (no band below 5.5) / TOEFL iBT 79 / PTE Academic 51,"Home/UK: £9,790/yr (2026/27; regulated, subject to parliamentary approval)
International: £17,600/yr (2026/27)
Placement year: £1,575 (UK) / £1,900 (International) for 2028/29 entry",29 January 2026,https://www.coventry.ac.uk/course-structure/ug/eec/environment-and-sustainability-bsc-hons/?term=2026-27
Coventry University,Coventry,"School of Energy, Construction and Environment",BSc (Hons),Environment and Sustainability (with Foundation Year),4 years full-time (inc. Foundation Year),64 UCAS Tariff points; A-levels: DDD (foundation year entry); GCSEs: English grade 3/D; BTEC: PP; T Level: Overall Pass; IB: 24 points; Access to HE: 12 Level 3 credits; Foundation Year leading to degree progression; or equivalent international qualification,IELTS 6.0 overall (no band below 5.5) / TOEFL iBT 79 / PTE Academic 51,"Home/UK: £9,790/yr (2026/27; regulated, subject to parliamentary approval)
International: £17,600/yr (2026/27)
Foundation year same fee level; sandwich option not available in foundation year",29 January 2026,https://www.coventry.ac.uk/course-structure/ug/eec/environment-and-sustainability-bsc-hons/?term=2026-27&type=foundation
Coventry University,Coventry,"School of Energy, Construction and Environment",BSc (Hons),Geography,3 years full-time / 4 years sandwich,"112 UCAS Tariff points; A-levels: BBC; GCSEs: Maths and English grade 4/C; BTEC: DMM; T Level: Overall Merit; IB: 24 points; Access to HE: 30 Level 3 credits at Merit, plus GCSE English and Maths grade 4/C; or equivalent international qualification",IELTS 6.0 overall (no band below 5.5) / TOEFL iBT 79 / PTE Academic 51,"Home/UK: £9,790/yr (2026/27; regulated, subject to parliamentary approval)
International: £17,600/yr (2026/27)
Placement year: £1,575 (UK) / £1,900 (International) for 2028/29 entry",29 January 2026,https://www.coventry.ac.uk/course-structure/ug/eec/geography-bsc-hons/?term=2026-27
Coventry University,Coventry,"School of Energy, Construction and Environment",BSc (Hons),Geography (with Foundation Year),4 years full-time (inc. Foundation Year),64 UCAS Tariff points; A-levels: DDD (foundation year entry); GCSEs: English grade 3/D; BTEC: PP; T Level: Overall Pass; IB: 24 points; Access to HE: 12 Level 3 credits; Foundation Year leading to degree progression; or equivalent international qualification,IELTS 6.0 overall (no band below 5.5) / TOEFL iBT 79 / PTE Academic 51,"Home/UK: £9,790/yr (2026/27; regulated, subject to parliamentary approval)
International: £17,600/yr (2026/27)
Foundation year same fee level; sandwich option not available in foundation year",29 January 2026,https://www.coventry.ac.uk/course-structure/ug/eec/geography-bsc-hons/?term=2026-27&type=foundation
Coventry University,Coventry,School of Art and Design,Foundation Diploma,"Art, Design and Media Practice Foundation Year (Diploma)",1 year full-time,64 UCAS Tariff points; A-levels: DDD (foundation year entry); GCSEs: English grade 3/D; BTEC: PP; T Level: Overall Pass; IB: 24 points; Access to HE: 12 Level 3 credits; Foundation Year leading to degree progression; or equivalent international qualification,IELTS 6.0 overall (no band below 5.5) / TOEFL iBT 79 / PTE Academic 51,"Home/UK: £9,790/yr (2026/27; regulated, subject to parliamentary approval)
International: £17,600/yr (2026/27)
Foundation year same fee level; sandwich option not available in foundation year",29 January 2026,https://www.coventry.ac.uk/course-structure/ug/diploma/?term=2026-27&type=foundation
Coventry University,Coventry,School of Health and Care,BSc (Hons),Physiotherapy,3 years full-time (closed Sep 2026; Foundation Year entry available),112 UCAS Tariff points; A-levels: BBC; GCSEs: English and Science grade 4/C (Maths desirable); BTEC: DMM; T Level: Overall Merit; IB: 24 points; Access to HE: 30 Level 3 credits at Merit; NMC occupational health and DBS check required; interview required; or equivalent international qualification,"IELTS 7.0 overall (no band below 7.0, NMC/HCPC requirement) / TOEFL iBT 95 / PTE Academic 65","Home/UK: £9,790/yr (2026/27; regulated, subject to parliamentary approval)
International: £17,600/yr (2026/27)
Home UK students eligible for non-repayable NHS Learning Support Fund payment of £5,000/yr (minimum)",29 January 2026,https://www.coventry.ac.uk/course-structure/ug/hls-nhs/physiotherapy-bsc-hons/?term=2026-27
Coventry University,Coventry,School of Health and Care,BSc (Hons),Physiotherapy (with Foundation Year),4 years full-time (inc. Foundation Year),64 UCAS Tariff points; A-levels: DDD (foundation year entry); GCSEs: English grade 3/D; BTEC: PP; T Level: Overall Pass; IB: 24 points; Access to HE: 12 Level 3 credits; Foundation Year leading to degree progression; or equivalent international qualification,"IELTS 7.0 overall (no band below 7.0, NMC/HCPC requirement) / TOEFL iBT 95 / PTE Academic 65","Home/UK: £9,790/yr (2026/27; regulated, subject to parliamentary approval)
International: £17,600/yr (2026/27)
Home UK students eligible for non-repayable NHS Learning Support Fund payment of £5,000/yr (minimum)
Foundation year rate applies for Year 0",29 January 2026,https://www.coventry.ac.uk/course-structure/ug/hls-nhs/physiotherapy-bsc-hons/?term=2026-27&type=foundation
Coventry University,Coventry,School of Health and Care,BSc (Hons),Occupational Therapy,3 years full-time,112 UCAS Tariff points; A-levels: BBC; GCSEs: English and Science grade 4/C (Maths desirable); BTEC: DMM; T Level: Overall Merit; IB: 24 points; Access to HE: 30 Level 3 credits at Merit; NMC occupational health and DBS check required; interview required; or equivalent international qualification,"IELTS 7.0 overall (no band below 7.0, NMC/HCPC requirement) / TOEFL iBT 95 / PTE Academic 65","Home/UK: £9,790/yr (2026/27; regulated, subject to parliamentary approval)
International: £17,600/yr (2026/27)
Home UK students eligible for non-repayable NHS Learning Support Fund payment of £5,000/yr (minimum)",29 January 2026,https://www.coventry.ac.uk/course-structure/ug/hls-nhs/occupational-therapy-bsc-hons/?term=2026-27
Coventry University,Coventry,School of Health and Care,BSc (Hons),Occupational Therapy (with Foundation Year),4 years full-time (inc. Foundation Year),64 UCAS Tariff points; A-levels: DDD (foundation year entry); GCSEs: English grade 3/D; BTEC: PP; T Level: Overall Pass; IB: 24 points; Access to HE: 12 Level 3 credits; Foundation Year leading to degree progression; or equivalent international qualification,"IELTS 7.0 overall (no band below 7.0, NMC/HCPC requirement) / TOEFL iBT 95 / PTE Academic 65","Home/UK: £9,790/yr (2026/27; regulated, subject to parliamentary approval)
International: £17,600/yr (2026/27)
Home UK students eligible for non-repayable NHS Learning Support Fund payment of £5,000/yr (minimum)
Foundation year rate applies for Year 0",29 January 2026,https://www.coventry.ac.uk/course-structure/ug/hls-nhs/occupational-therapy-bsc-hons/?term=2026-27&type=foundation
Coventry University,Coventry,School of Health and Care,BSc (Hons),Paramedic Science,3 years full-time,112 UCAS Tariff points; A-levels: BBC; GCSEs: English and Science grade 4/C (Maths desirable); BTEC: DMM; T Level: Overall Merit; IB: 24 points; Access to HE: 30 Level 3 credits at Merit; NMC occupational health and DBS check required; interview required; or equivalent international qualification,"IELTS 7.0 overall (no band below 7.0, NMC/HCPC requirement) / TOEFL iBT 95 / PTE Academic 65","Home/UK: £9,790/yr (2026/27; regulated, subject to parliamentary approval)
International: £17,600/yr (2026/27)
Home UK students eligible for non-repayable NHS Learning Support Fund payment of £5,000/yr (minimum)",29 January 2026,https://www.coventry.ac.uk/course-structure/ug/hls-nhs/paramedic-science-bsc-hons/?term=2026-27
Coventry University,Coventry,School of Health and Life Sciences,BSc (Hons),Sport Therapy,3 years full-time / 4 years sandwich,"112 UCAS Tariff points; A-levels: BBC; GCSEs: Maths and English grade 4/C; BTEC: DMM; T Level: Overall Merit; IB: 24 points; Access to HE: 30 Level 3 credits at Merit, plus GCSE English and Maths grade 4/C; or equivalent international qualification",IELTS 6.0 overall (no band below 5.5) / TOEFL iBT 79 / PTE Academic 51,"Home/UK: £9,790/yr (2026/27; regulated, subject to parliamentary approval)
International: £17,600/yr (2026/27)
Placement year: £1,575 (UK) / £1,900 (International) for 2028/29 entry",29 January 2026,https://www.coventry.ac.uk/course-structure/ug/hls-nhs/sport-therapy-bsc-hons/?term=2026-27
Coventry University,Coventry,School of Health and Life Sciences,BSc (Hons),Sport Therapy (with Foundation Year),4 years full-time (inc. Foundation Year),64 UCAS Tariff points; A-levels: DDD (foundation year entry); GCSEs: English grade 3/D; BTEC: PP; T Level: Overall Pass; IB: 24 points; Access to HE: 12 Level 3 credits; Foundation Year leading to degree progression; or equivalent international qualification,IELTS 6.0 overall (no band below 5.5) / TOEFL iBT 79 / PTE Academic 51,"Home/UK: £9,790/yr (2026/27; regulated, subject to parliamentary approval)
International: £17,600/yr (2026/27)
Foundation year same fee level; sandwich option not available in foundation year",29 January 2026,https://www.coventry.ac.uk/course-structure/ug/hls-nhs/sport-therapy-bsc-hons/?term=2026-27&type=foundation
Coventry University,Coventry,School of Health and Life Sciences,BSc (Hons),Nutrition and Health,3 years full-time / 4 years sandwich,"112 UCAS Tariff points; A-levels: BBC including a science subject; GCSEs: Maths, English and Science grade 4/C; BTEC: DMM; T Level: Overall Merit; IB: 24 points; Access to HE: 30 Level 3 credits at Merit; or equivalent international qualification",IELTS 6.0 overall (no band below 5.5) / TOEFL iBT 79 / PTE Academic 51,"Home/UK: £9,790/yr (2026/27; regulated, subject to parliamentary approval)
International: £17,600/yr (2026/27)
Placement year: £1,575 (UK) / £1,900 (International) for 2028/29 entry",29 January 2026,https://www.coventry.ac.uk/course-structure/ug/hls-nhs/nutrition-and-health-bsc-hons/?term=2026-27
Coventry University,Coventry,School of Health and Life Sciences,BSc (Hons),Nutrition and Health (with Foundation Year),4 years full-time (inc. Foundation Year),64 UCAS Tariff points; A-levels: DDD (foundation year entry); GCSEs: English grade 3/D; BTEC: PP; T Level: Overall Pass; IB: 24 points; Access to HE: 12 Level 3 credits; Foundation Year leading to degree progression; or equivalent international qualification,IELTS 6.0 overall (no band below 5.5) / TOEFL iBT 79 / PTE Academic 51,"Home/UK: £9,790/yr (2026/27; regulated, subject to parliamentary approval)
International: £17,600/yr (2026/27)
Foundation year same fee level; sandwich option not available in foundation year",29 January 2026,https://www.coventry.ac.uk/course-structure/ug/hls-nhs/nutrition-and-health-bsc-hons/?term=2026-27&type=foundation
Coventry University,Coventry,School of Health and Care,MSci (Hons),Chiropractic,4 years full-time (integrated masters),112 UCAS Tariff points; A-levels: BBC; GCSEs: English and Science grade 4/C (Maths desirable); BTEC: DMM; T Level: Overall Merit; IB: 24 points; Access to HE: 30 Level 3 credits at Merit; NMC occupational health and DBS check required; interview required; or equivalent international qualification,"IELTS 7.0 overall (no band below 7.0, NMC/HCPC requirement) / TOEFL iBT 95 / PTE Academic 65","Home/UK: £9,790/yr (2026/27; regulated, subject to parliamentary approval)
International: £17,600/yr (2026/27)
MSci integrated master's: 4 years full-time; CSP regulated; occupational health check required",29 January 2026,https://www.coventry.ac.uk/course-structure/ug/hls-nhs/chiropractic-msci/?term=2026-27
Coventry University,Coventry,"School of Psychological, Social and Behavioural Sciences",BSc (Hons),Psychology,3 years full-time / 4 years sandwich,"112 UCAS Tariff points; A-levels: BBC; GCSEs: Maths and English grade 4/C; BTEC: DMM; T Level: Overall Merit; IB: 24 points; Access to HE: 30 Level 3 credits at Merit, plus GCSE English and Maths grade 4/C; or equivalent international qualification",IELTS 6.0 overall (no band below 5.5) / TOEFL iBT 79 / PTE Academic 51,"Home/UK: £9,790/yr (2026/27; regulated, subject to parliamentary approval)
International: £17,600/yr (2026/27)
Placement year: £1,575 (UK) / £1,900 (International) for 2028/29 entry",29 January 2026,https://www.coventry.ac.uk/course-structure/ug/hls/psychology-bsc-hons/?term=2026-27
Coventry University,Coventry,"School of Psychological, Social and Behavioural Sciences",BSc (Hons),Psychology (with Foundation Year),4 years full-time (inc. Foundation Year),64 UCAS Tariff points; A-levels: DDD (foundation year entry); GCSEs: English grade 3/D; BTEC: PP; T Level: Overall Pass; IB: 24 points; Access to HE: 12 Level 3 credits; Foundation Year leading to degree progression; or equivalent international qualification,IELTS 6.0 overall (no band below 5.5) / TOEFL iBT 79 / PTE Academic 51,"Home/UK: £9,790/yr (2026/27; regulated, subject to parliamentary approval)
International: £17,600/yr (2026/27)
Foundation year same fee level; sandwich option not available in foundation year",29 January 2026,https://www.coventry.ac.uk/course-structure/ug/hls/psychology-bsc-hons/?term=2026-27&type=foundation
Coventry University,Coventry,"School of Psychological, Social and Behavioural Sciences",BA (Hons),Criminology and Psychology,3 years full-time / 4 years sandwich,"112 UCAS Tariff points; A-levels: BBC; GCSEs: Maths and English grade 4/C; BTEC: DMM; T Level: Overall Merit; IB: 24 points; Access to HE: 30 Level 3 credits at Merit, plus GCSE English and Maths grade 4/C; or equivalent international qualification",IELTS 6.0 overall (no band below 5.5) / TOEFL iBT 79 / PTE Academic 51,"Home/UK: £9,790/yr (2026/27; regulated, subject to parliamentary approval)
International: £17,600/yr (2026/27)
Placement year: £1,575 (UK) / £1,900 (International) for 2028/29 entry",29 January 2026,https://www.coventry.ac.uk/course-structure/ug/hls/criminology-and-psychology-ba/?term=2026-27
Coventry University,Coventry,"School of Psychological, Social and Behavioural Sciences",BA (Hons),Criminology and Psychology (with Foundation Year),4 years full-time (inc. Foundation Year),64 UCAS Tariff points; A-levels: DDD (foundation year entry); GCSEs: English grade 3/D; BTEC: PP; T Level: Overall Pass; IB: 24 points; Access to HE: 12 Level 3 credits; Foundation Year leading to degree progression; or equivalent international qualification,IELTS 6.0 overall (no band below 5.5) / TOEFL iBT 79 / PTE Academic 51,"Home/UK: £9,790/yr (2026/27; regulated, subject to parliamentary approval)
International: £17,600/yr (2026/27)
Foundation year same fee level; sandwich option not available in foundation year",29 January 2026,https://www.coventry.ac.uk/course-structure/ug/hls/criminology-and-psychology-ba/?term=2026-27&type=foundation
Coventry University,Coventry,"School of Psychological, Social and Behavioural Sciences",BSc (Hons),Psychology with Sport and Exercise,3 years full-time / 4 years sandwich,"112 UCAS Tariff points; A-levels: BBC; GCSEs: Maths and English grade 4/C; BTEC: DMM; T Level: Overall Merit; IB: 24 points; Access to HE: 30 Level 3 credits at Merit, plus GCSE English and Maths grade 4/C; or equivalent international qualification",IELTS 6.0 overall (no band below 5.5) / TOEFL iBT 79 / PTE Academic 51,"Home/UK: £9,790/yr (2026/27; regulated, subject to parliamentary approval)
International: £17,600/yr (2026/27)
Placement year: £1,575 (UK) / £1,900 (International) for 2028/29 entry",29 January 2026,https://www.coventry.ac.uk/course-structure/ug/cas/psychology-sport-exercise/?term=2026-27
Coventry University,Coventry,"School of Psychological, Social and Behavioural Sciences",BSc (Hons),Psychology with Sport and Exercise (with Foundation Year),4 years full-time (inc. Foundation Year),64 UCAS Tariff points; A-levels: DDD (foundation year entry); GCSEs: English grade 3/D; BTEC: PP; T Level: Overall Pass; IB: 24 points; Access to HE: 12 Level 3 credits; Foundation Year leading to degree progression; or equivalent international qualification,IELTS 6.0 overall (no band below 5.5) / TOEFL iBT 79 / PTE Academic 51,"Home/UK: £9,790/yr (2026/27; regulated, subject to parliamentary approval)
International: £17,600/yr (2026/27)
Foundation year same fee level; sandwich option not available in foundation year",29 January 2026,https://www.coventry.ac.uk/course-structure/ug/cas/psychology-sport-exercise/?term=2026-27&type=foundation
Coventry University,Coventry,"Coventry Business School – Economics, Finance and Accounting",BSc (Hons),Economics,3 years full-time / 4 years sandwich,"112 UCAS Tariff points; A-levels: BBC; GCSEs: Maths and English grade 4/C; BTEC: DMM; T Level: Overall Merit; IB: 24 points; Access to HE: 30 Level 3 credits at Merit, plus GCSE English and Maths grade 4/C; or equivalent international qualification",IELTS 6.0 overall (no band below 5.5) / TOEFL iBT 79 / PTE Academic 51,"Home/UK: £9,790/yr (2026/27; regulated, subject to parliamentary approval)
International: £17,600/yr (2026/27)
Placement year: £1,575 (UK) / £1,900 (International) for 2028/29 entry",29 January 2026,https://www.coventry.ac.uk/course-structure/ug/fbl/economics-bsc-hons/?term=2026-27
Coventry University,Coventry,"Coventry Business School – Economics, Finance and Accounting",BSc (Hons),Economics (with Foundation Year),4 years full-time (inc. Foundation Year),64 UCAS Tariff points; A-levels: DDD (foundation year entry); GCSEs: English grade 3/D; BTEC: PP; T Level: Overall Pass; IB: 24 points; Access to HE: 12 Level 3 credits; Foundation Year leading to degree progression; or equivalent international qualification,IELTS 6.0 overall (no band below 5.5) / TOEFL iBT 79 / PTE Academic 51,"Home/UK: £9,790/yr (2026/27; regulated, subject to parliamentary approval)
International: £17,600/yr (2026/27)
Foundation year same fee level; sandwich option not available in foundation year",29 January 2026,https://www.coventry.ac.uk/course-structure/ug/fbl/economics-bsc-hons/?term=2026-27&type=foundation
Coventry University,Coventry,"Coventry Business School – Economics, Finance and Accounting",BSc (Hons),Finance and Investment,3 years full-time / 4 years sandwich,"112 UCAS Tariff points; A-levels: BBC; GCSEs: Maths and English grade 4/C; BTEC: DMM; T Level: Overall Merit; IB: 24 points; Access to HE: 30 Level 3 credits at Merit, plus GCSE English and Maths grade 4/C; or equivalent international qualification",IELTS 6.0 overall (no band below 5.5) / TOEFL iBT 79 / PTE Academic 51,"Home/UK: £9,790/yr (2026/27; regulated, subject to parliamentary approval)
International: £17,600/yr (2026/27)
Placement year: £1,575 (UK) / £1,900 (International) for 2028/29 entry",29 January 2026,https://www.coventry.ac.uk/course-structure/ug/fbl/finance-and-investment-bsc-hons/?term=2026-27
Coventry University,Coventry,"Coventry Business School – Economics, Finance and Accounting",BSc (Hons),Finance and Investment (with Foundation Year),4 years full-time (inc. Foundation Year),64 UCAS Tariff points; A-levels: DDD (foundation year entry); GCSEs: English grade 3/D; BTEC: PP; T Level: Overall Pass; IB: 24 points; Access to HE: 12 Level 3 credits; Foundation Year leading to degree progression; or equivalent international qualification,IELTS 6.0 overall (no band below 5.5) / TOEFL iBT 79 / PTE Academic 51,"Home/UK: £9,790/yr (2026/27; regulated, subject to parliamentary approval)
International: £17,600/yr (2026/27)
Foundation year same fee level; sandwich option not available in foundation year",29 January 2026,https://www.coventry.ac.uk/course-structure/ug/fbl/finance-and-investment-bsc-hons/?term=2026-27&type=foundation
Coventry University,Coventry,"Coventry Business School – Economics, Finance and Accounting",BSc (Hons),Global Financial Planning,3 years full-time / 4 years sandwich,"112 UCAS Tariff points; A-levels: BBC; GCSEs: Maths and English grade 4/C; BTEC: DMM; T Level: Overall Merit; IB: 24 points; Access to HE: 30 Level 3 credits at Merit, plus GCSE English and Maths grade 4/C; or equivalent international qualification",IELTS 6.0 overall (no band below 5.5) / TOEFL iBT 79 / PTE Academic 51,"Home/UK: £9,790/yr (2026/27; regulated, subject to parliamentary approval)
International: £17,600/yr (2026/27)
Placement year: £1,575 (UK) / £1,900 (International) for 2028/29 entry",29 January 2026,https://www.coventry.ac.uk/course-structure/ug/fbl/global-financial-planning-bsc-hons/?term=2026-27
Coventry University,Coventry,Coventry Business School – Business and Management,BA (Hons),International Business,3 years full-time / 4 years sandwich,"112 UCAS Tariff points; A-levels: BBC; GCSEs: Maths and English grade 4/C; BTEC: DMM; T Level: Overall Merit; IB: 24 points; Access to HE: 30 Level 3 credits at Merit, plus GCSE English and Maths grade 4/C; or equivalent international qualification",IELTS 6.0 overall (no band below 5.5) / TOEFL iBT 79 / PTE Academic 51,"Home/UK: £9,790/yr (2026/27; regulated, subject to parliamentary approval)
International: £17,600/yr (2026/27)
Placement year: £1,575 (UK) / £1,900 (International) for 2028/29 entry",29 January 2026,https://www.coventry.ac.uk/course-structure/ug/fbl/international-business-ba-hons/?term=2026-27
Coventry University,Coventry,Coventry Business School – Business and Management,BA (Hons),International Business (with Foundation Year),4 years full-time (inc. Foundation Year),64 UCAS Tariff points; A-levels: DDD (foundation year entry); GCSEs: English grade 3/D; BTEC: PP; T Level: Overall Pass; IB: 24 points; Access to HE: 12 Level 3 credits; Foundation Year leading to degree progression; or equivalent international qualification,IELTS 6.0 overall (no band below 5.5) / TOEFL iBT 79 / PTE Academic 51,"Home/UK: £9,790/yr (2026/27; regulated, subject to parliamentary approval)
International: £17,600/yr (2026/27)
Foundation year same fee level; sandwich option not available in foundation year",29 January 2026,https://www.coventry.ac.uk/course-structure/ug/fbl/international-business-ba-hons/?term=2026-27&type=foundation
Coventry University,Coventry,Coventry Business School – Business and Management,BSc (Hons),Supply Chain Management,3 years full-time / 4 years sandwich,"112 UCAS Tariff points; A-levels: BBC; GCSEs: Maths and English grade 4/C; BTEC: DMM; T Level: Overall Merit; IB: 24 points; Access to HE: 30 Level 3 credits at Merit, plus GCSE English and Maths grade 4/C; or equivalent international qualification",IELTS 6.0 overall (no band below 5.5) / TOEFL iBT 79 / PTE Academic 51,"Home/UK: £9,790/yr (2026/27; regulated, subject to parliamentary approval)
International: £17,600/yr (2026/27)
Placement year: £1,575 (UK) / £1,900 (International) for 2028/29 entry",29 January 2026,https://www.coventry.ac.uk/course-structure/ug/fbl/supply-chain-management-bsc-hons/?term=2026-27
Coventry University,Coventry,Coventry Business School – Marketing,BA (Hons),Events Management,3 years full-time / 4 years sandwich,"112 UCAS Tariff points; A-levels: BBC; GCSEs: Maths and English grade 4/C; BTEC: DMM; T Level: Overall Merit; IB: 24 points; Access to HE: 30 Level 3 credits at Merit, plus GCSE English and Maths grade 4/C; or equivalent international qualification",IELTS 6.0 overall (no band below 5.5) / TOEFL iBT 79 / PTE Academic 51,"Home/UK: £9,790/yr (2026/27; regulated, subject to parliamentary approval)
International: £17,600/yr (2026/27)
Placement year: £1,575 (UK) / £1,900 (International) for 2028/29 entry",29 January 2026,https://www.coventry.ac.uk/course-structure/ug/fbl/events-management-ba-hons/?term=2026-27
Coventry University,Coventry,Coventry Business School – Marketing,BA (Hons),Events Management (with Foundation Year),4 years full-time (inc. Foundation Year),64 UCAS Tariff points; A-levels: DDD (foundation year entry); GCSEs: English grade 3/D; BTEC: PP; T Level: Overall Pass; IB: 24 points; Access to HE: 12 Level 3 credits; Foundation Year leading to degree progression; or equivalent international qualification,IELTS 6.0 overall (no band below 5.5) / TOEFL iBT 79 / PTE Academic 51,"Home/UK: £9,790/yr (2026/27; regulated, subject to parliamentary approval)
International: £17,600/yr (2026/27)
Foundation year same fee level; sandwich option not available in foundation year",29 January 2026,https://www.coventry.ac.uk/course-structure/ug/fbl/events-management-ba-hons/?term=2026-27&type=foundation
Coventry University,Coventry,Coventry Business School – Marketing,BSc (Hons),Hospitality and Tourism Management,3 years full-time / 4 years sandwich,"112 UCAS Tariff points; A-levels: BBC; GCSEs: Maths and English grade 4/C; BTEC: DMM; T Level: Overall Merit; IB: 24 points; Access to HE: 30 Level 3 credits at Merit, plus GCSE English and Maths grade 4/C; or equivalent international qualification",IELTS 6.0 overall (no band below 5.5) / TOEFL iBT 79 / PTE Academic 51,"Home/UK: £9,790/yr (2026/27; regulated, subject to parliamentary approval)
International: £17,600/yr (2026/27)
Placement year: £1,575 (UK) / £1,900 (International) for 2028/29 entry",29 January 2026,https://www.coventry.ac.uk/course-structure/ug/fbl/hospitality-and-tourism-management-bsc-hons/?term=2026-27
Coventry University,Coventry,Coventry Business School – Marketing,BSc (Hons),Hospitality and Tourism Management (with Foundation Year),4 years full-time (inc. Foundation Year),64 UCAS Tariff points; A-levels: DDD (foundation year entry); GCSEs: English grade 3/D; BTEC: PP; T Level: Overall Pass; IB: 24 points; Access to HE: 12 Level 3 credits; Foundation Year leading to degree progression; or equivalent international qualification,IELTS 6.0 overall (no band below 5.5) / TOEFL iBT 79 / PTE Academic 51,"Home/UK: £9,790/yr (2026/27; regulated, subject to parliamentary approval)
International: £17,600/yr (2026/27)
Foundation year same fee level; sandwich option not available in foundation year",29 January 2026,https://www.coventry.ac.uk/course-structure/ug/fbl/hospitality-and-tourism-management-bsc-hons/?term=2026-27&type=foundation
Coventry University,Coventry,Coventry Business School – Marketing,BSc (Hons),Digital Marketing and Analytics,3 years full-time / 4 years sandwich,"112 UCAS Tariff points; A-levels: BBC; GCSEs: Maths and English grade 4/C; BTEC: DMM; T Level: Overall Merit; IB: 24 points; Access to HE: 30 Level 3 credits at Merit, plus GCSE English and Maths grade 4/C; or equivalent international qualification",IELTS 6.0 overall (no band below 5.5) / TOEFL iBT 79 / PTE Academic 51,"Home/UK: £9,790/yr (2026/27; regulated, subject to parliamentary approval)
International: £17,600/yr (2026/27)
Placement year: £1,575 (UK) / £1,900 (International) for 2028/29 entry",29 January 2026,https://www.coventry.ac.uk/course-structure/ug/fbl/digital-marketing-analytics-bsc-hons/?term=2026-27
Coventry University,Coventry,Coventry Business School – Marketing,BSc (Hons),Digital Marketing and Analytics (with Foundation Year),4 years full-time (inc. Foundation Year),64 UCAS Tariff points; A-levels: DDD (foundation year entry); GCSEs: English grade 3/D; BTEC: PP; T Level: Overall Pass; IB: 24 points; Access to HE: 12 Level 3 credits; Foundation Year leading to degree progression; or equivalent international qualification,IELTS 6.0 overall (no band below 5.5) / TOEFL iBT 79 / PTE Academic 51,"Home/UK: £9,790/yr (2026/27; regulated, subject to parliamentary approval)
International: £17,600/yr (2026/27)
Foundation year same fee level; sandwich option not available in foundation year",29 January 2026,https://www.coventry.ac.uk/course-structure/ug/fbl/digital-marketing-analytics-bsc-hons/?term=2026-27&type=foundation
Coventry University,Coventry,"School of Mechanical, Automotive and Aerospace Engineering",MEng/BEng (Hons),Product Design Engineering,3 years BEng / 4 years MEng or sandwich,"112 UCAS Tariff points; A-levels: BBC; GCSEs: Maths and English grade 4/C; BTEC: DMM; T Level: Overall Merit; IB: 24 points; Access to HE: 30 Level 3 credits at Merit, plus GCSE English and Maths grade 4/C; or equivalent international qualification",IELTS 6.0 overall (no band below 5.5) / TOEFL iBT 79 / PTE Academic 51,"Home/UK: £9,790/yr (2026/27; regulated, subject to parliamentary approval)
International: £17,600/yr (2026/27)
Placement year: £1,575 (UK) / £1,900 (International) for 2028/29 entry",29 January 2026,https://www.coventry.ac.uk/course-structure/ug/eec/product-design-engineering-beng/?term=2026-27
Coventry University,Coventry,"School of Mechanical, Automotive and Aerospace Engineering",BEng (Hons),Product Design Engineering (with Foundation Year),4 years full-time (inc. Foundation Year),64 UCAS Tariff points; A-levels: DDD (foundation year entry); GCSEs: English grade 3/D; BTEC: PP; T Level: Overall Pass; IB: 24 points; Access to HE: 12 Level 3 credits; Foundation Year leading to degree progression; or equivalent international qualification,IELTS 6.0 overall (no band below 5.5) / TOEFL iBT 79 / PTE Academic 51,"Home/UK: £9,790/yr (2026/27; regulated, subject to parliamentary approval)
International: £17,600/yr (2026/27)
Foundation year same fee level; sandwich option not available in foundation year",29 January 2026,https://www.coventry.ac.uk/course-structure/ug/eec/product-design-engineering-beng/?term=2026-27&type=foundation
Coventry University,Coventry,School of Art and Design,BA (Hons),Product Design,3 years full-time / 4 years sandwich,104 UCAS Tariff points; A-levels: BCC; GCSEs: English grade 4/C; BTEC: MMM; T Level: Overall Merit; IB: 24 points; Access to HE: 30 Level 3 credits at Pass; or equivalent international qualification,IELTS 6.0 overall (no band below 5.5) / TOEFL iBT 79 / PTE Academic 51,"Home/UK: £9,790/yr (2026/27; regulated, subject to parliamentary approval)
International: £17,600/yr (2026/27)
Placement year: £1,575 (UK) / £1,900 (International) for 2028/29 entry",29 January 2026,https://www.coventry.ac.uk/course-structure/ug/fah/product-design-ba-hons/?term=2026-27
Coventry University,Coventry,School of Art and Design,BA (Hons),Product Design (with Foundation Year),4 years full-time (inc. Foundation Year),64 UCAS Tariff points; A-levels: DDD (foundation year entry); GCSEs: English grade 3/D; BTEC: PP; T Level: Overall Pass; IB: 24 points; Access to HE: 12 Level 3 credits; Foundation Year leading to degree progression; or equivalent international qualification,IELTS 6.0 overall (no band below 5.5) / TOEFL iBT 79 / PTE Academic 51,"Home/UK: £9,790/yr (2026/27; regulated, subject to parliamentary approval)
International: £17,600/yr (2026/27)
Foundation year same fee level; sandwich option not available in foundation year",29 January 2026,https://www.coventry.ac.uk/course-structure/ug/fah/product-design-ba-hons/?term=2026-27&type=foundation
Coventry University,Coventry,School of Civil and Building Engineering,BSc (Hons),Building Surveying,3 years full-time / 4 years sandwich,"112 UCAS Tariff points; A-levels: BBC; GCSEs: Maths and English grade 4/C; BTEC: DMM; T Level: Overall Merit; IB: 24 points; Access to HE: 30 Level 3 credits at Merit, plus GCSE English and Maths grade 4/C; or equivalent international qualification",IELTS 6.0 overall (no band below 5.5) / TOEFL iBT 79 / PTE Academic 51,"Home/UK: £9,790/yr (2026/27; regulated, subject to parliamentary approval)
International: £17,600/yr (2026/27)
Placement year: £1,575 (UK) / £1,900 (International) for 2028/29 entry",29 January 2026,https://www.coventry.ac.uk/course-structure/ug/eec/building-surveying-bsc-hons/?term=2026-27
Coventry University,Coventry,School of Civil and Building Engineering,BSc (Hons),Building Surveying (with Foundation Year),4 years full-time (inc. Foundation Year),64 UCAS Tariff points; A-levels: DDD (foundation year entry); GCSEs: English grade 3/D; BTEC: PP; T Level: Overall Pass; IB: 24 points; Access to HE: 12 Level 3 credits; Foundation Year leading to degree progression; or equivalent international qualification,IELTS 6.0 overall (no band below 5.5) / TOEFL iBT 79 / PTE Academic 51,"Home/UK: £9,790/yr (2026/27; regulated, subject to parliamentary approval)
International: £17,600/yr (2026/27)
Foundation year same fee level; sandwich option not available in foundation year",29 January 2026,https://www.coventry.ac.uk/course-structure/ug/eec/building-surveying-bsc-hons/?term=2026-27&type=foundation
Coventry University,Coventry,"School of Energy, Construction and Environment",BEng (Hons),Energy Engineering,3 years full-time / 4 years sandwich,"112 UCAS Tariff points; A-levels: BBC; GCSEs: Maths and English grade 4/C; BTEC: DMM; T Level: Overall Merit; IB: 24 points; Access to HE: 30 Level 3 credits at Merit, plus GCSE English and Maths grade 4/C; or equivalent international qualification",IELTS 6.0 overall (no band below 5.5) / TOEFL iBT 79 / PTE Academic 51,"Home/UK: £9,790/yr (2026/27; regulated, subject to parliamentary approval)
International: £17,600/yr (2026/27)
Placement year: £1,575 (UK) / £1,900 (International) for 2028/29 entry",29 January 2026,https://www.coventry.ac.uk/course-structure/ug/eec/energy-engineering-beng/?term=2026-27
Coventry University,Coventry,"School of Energy, Construction and Environment",BEng (Hons),Energy Engineering (with Foundation Year),4 years full-time (inc. Foundation Year),64 UCAS Tariff points; A-levels: DDD (foundation year entry); GCSEs: English grade 3/D; BTEC: PP; T Level: Overall Pass; IB: 24 points; Access to HE: 12 Level 3 credits; Foundation Year leading to degree progression; or equivalent international qualification,IELTS 6.0 overall (no band below 5.5) / TOEFL iBT 79 / PTE Academic 51,"Home/UK: £9,790/yr (2026/27; regulated, subject to parliamentary approval)
International: £17,600/yr (2026/27)
Foundation year same fee level; sandwich option not available in foundation year",29 January 2026,https://www.coventry.ac.uk/course-structure/ug/eec/energy-engineering-beng/?term=2026-27&type=foundation
Coventry University,Coventry,"School of Mechanical, Automotive and Aerospace Engineering",BEng (Hons),Robotics Engineering,3 years full-time / 4 years sandwich,"112 UCAS Tariff points; A-levels: BBC; GCSEs: Maths and English grade 4/C; BTEC: DMM; T Level: Overall Merit; IB: 24 points; Access to HE: 30 Level 3 credits at Merit, plus GCSE English and Maths grade 4/C; or equivalent international qualification",IELTS 6.0 overall (no band below 5.5) / TOEFL iBT 79 / PTE Academic 51,"Home/UK: £9,790/yr (2026/27; regulated, subject to parliamentary approval)
International: £17,600/yr (2026/27)
Placement year: £1,575 (UK) / £1,900 (International) for 2028/29 entry",29 January 2026,https://www.coventry.ac.uk/course-structure/ug/eec/robotics-engineering-beng/?term=2026-27
Coventry University,Coventry,"School of Mechanical, Automotive and Aerospace Engineering",BEng (Hons),Robotics Engineering (with Foundation Year),4 years full-time (inc. Foundation Year),64 UCAS Tariff points; A-levels: DDD (foundation year entry); GCSEs: English grade 3/D; BTEC: PP; T Level: Overall Pass; IB: 24 points; Access to HE: 12 Level 3 credits; Foundation Year leading to degree progression; or equivalent international qualification,IELTS 6.0 overall (no band below 5.5) / TOEFL iBT 79 / PTE Academic 51,"Home/UK: £9,790/yr (2026/27; regulated, subject to parliamentary approval)
International: £17,600/yr (2026/27)
Foundation year same fee level; sandwich option not available in foundation year",29 January 2026,https://www.coventry.ac.uk/course-structure/ug/eec/robotics-engineering-beng/?term=2026-27&type=foundation
Coventry University,Coventry,"School of Computing, Electronics and Maths",BSc (Hons),Artificial Intelligence,3 years full-time / 4 years sandwich,"112 UCAS Tariff points; A-levels: BBC; GCSEs: Maths and English grade 4/C; BTEC: DMM; T Level: Overall Merit; IB: 24 points; Access to HE: 30 Level 3 credits at Merit, plus GCSE English and Maths grade 4/C; or equivalent international qualification",IELTS 6.0 overall (no band below 5.5) / TOEFL iBT 79 / PTE Academic 51,"Home/UK: £9,790/yr (2026/27; regulated, subject to parliamentary approval)
International: £17,600/yr (2026/27)
Placement year: £1,575 (UK) / £1,900 (International) for 2028/29 entry",29 January 2026,https://www.coventry.ac.uk/course-structure/ug/eec/artificial-intelligence-bsc-hons/?term=2026-27
Coventry University,Coventry,"School of Computing, Electronics and Maths",BSc (Hons),Artificial Intelligence (with Foundation Year),4 years full-time (inc. Foundation Year),64 UCAS Tariff points; A-levels: DDD (foundation year entry); GCSEs: English grade 3/D; BTEC: PP; T Level: Overall Pass; IB: 24 points; Access to HE: 12 Level 3 credits; Foundation Year leading to degree progression; or equivalent international qualification,IELTS 6.0 overall (no band below 5.5) / TOEFL iBT 79 / PTE Academic 51,"Home/UK: £9,790/yr (2026/27; regulated, subject to parliamentary approval)
International: £17,600/yr (2026/27)
Foundation year same fee level; sandwich option not available in foundation year",29 January 2026,https://www.coventry.ac.uk/course-structure/ug/eec/artificial-intelligence-bsc-hons/?term=2026-27&type=foundation
Coventry University,Coventry,School of Art and Design,BA (Hons),Fashion Communication,3 years full-time / 4 years sandwich,104 UCAS Tariff points; A-levels: BCC; GCSEs: English grade 4/C; BTEC: MMM; T Level: Overall Merit; IB: 24 points; Access to HE: 30 Level 3 credits at Pass; or equivalent international qualification,IELTS 6.0 overall (no band below 5.5) / TOEFL iBT 79 / PTE Academic 51,"Home/UK: £9,790/yr (2026/27; regulated, subject to parliamentary approval)
International: £17,600/yr (2026/27)
Placement year: £1,575 (UK) / £1,900 (International) for 2028/29 entry",29 January 2026,https://www.coventry.ac.uk/course-structure/ug/fah/fashion-communication-ba-hons/?term=2026-27
Coventry University,Coventry,School of Art and Design,BA (Hons),Fashion Communication (with Foundation Year),4 years full-time (inc. Foundation Year),64 UCAS Tariff points; A-levels: DDD (foundation year entry); GCSEs: English grade 3/D; BTEC: PP; T Level: Overall Pass; IB: 24 points; Access to HE: 12 Level 3 credits; Foundation Year leading to degree progression; or equivalent international qualification,IELTS 6.0 overall (no band below 5.5) / TOEFL iBT 79 / PTE Academic 51,"Home/UK: £9,790/yr (2026/27; regulated, subject to parliamentary approval)
International: £17,600/yr (2026/27)
Foundation year same fee level; sandwich option not available in foundation year",29 January 2026,https://www.coventry.ac.uk/course-structure/ug/fah/fashion-communication-ba-hons/?term=2026-27&type=foundation
Coventry University,Coventry,School of Art and Design,BA (Hons),Game Design and Art,3 years full-time / 4 years sandwich,104 UCAS Tariff points; A-levels: BCC; GCSEs: English grade 4/C; BTEC: MMM; T Level: Overall Merit; IB: 24 points; Access to HE: 30 Level 3 credits at Pass; or equivalent international qualification,IELTS 6.0 overall (no band below 5.5) / TOEFL iBT 79 / PTE Academic 51,"Home/UK: £9,790/yr (2026/27; regulated, subject to parliamentary approval)
International: £17,600/yr (2026/27)
Placement year: £1,575 (UK) / £1,900 (International) for 2028/29 entry",29 January 2026,https://www.coventry.ac.uk/course-structure/ug/fah/game-design-and-art-ba-hons/?term=2026-27
Coventry University,Coventry,School of Art and Design,BA (Hons),Game Design and Art (with Foundation Year),4 years full-time (inc. Foundation Year),64 UCAS Tariff points; A-levels: DDD (foundation year entry); GCSEs: English grade 3/D; BTEC: PP; T Level: Overall Pass; IB: 24 points; Access to HE: 12 Level 3 credits; Foundation Year leading to degree progression; or equivalent international qualification,IELTS 6.0 overall (no band below 5.5) / TOEFL iBT 79 / PTE Academic 51,"Home/UK: £9,790/yr (2026/27; regulated, subject to parliamentary approval)
International: £17,600/yr (2026/27)
Foundation year same fee level; sandwich option not available in foundation year",29 January 2026,https://www.coventry.ac.uk/course-structure/ug/fah/game-design-and-art-ba-hons/?term=2026-27&type=foundation
Coventry University,Coventry,School of Humanities,BA (Hons),War and Society,3 years full-time / 4 years sandwich,104 UCAS Tariff points; A-levels: BCC; GCSEs: English grade 4/C; BTEC: MMM; T Level: Overall Merit; IB: 24 points; Access to HE: 30 Level 3 credits at Pass; or equivalent international qualification,IELTS 6.0 overall (no band below 5.5) / TOEFL iBT 79 / PTE Academic 51,"Home/UK: £9,790/yr (2026/27; regulated, subject to parliamentary approval)
International: £17,600/yr (2026/27)
Placement year: £1,575 (UK) / £1,900 (International) for 2028/29 entry",29 January 2026,https://www.coventry.ac.uk/course-structure/ug/fah/war-and-society-ba-hons/?term=2026-27
Coventry University,Coventry,"School of Psychological, Social and Behavioural Sciences",BA (Hons),Counselling and Psychotherapy,3 years full-time / 4 years sandwich,104 UCAS Tariff points; A-levels: BCC; GCSEs: English grade 4/C; BTEC: MMM; T Level: Overall Merit; IB: 24 points; Access to HE: 30 Level 3 credits at Pass; or equivalent international qualification,IELTS 6.0 overall (no band below 5.5) / TOEFL iBT 79 / PTE Academic 51,"Home/UK: £9,790/yr (2026/27; regulated, subject to parliamentary approval)
International: £17,600/yr (2026/27)
Placement year: £1,575 (UK) / £1,900 (International) for 2028/29 entry",29 January 2026,https://www.coventry.ac.uk/course-structure/ug/fah/counselling-and-psychotherapy-ba-hons/?term=2026-27
Coventry University,Coventry,"School of Psychological, Social and Behavioural Sciences",BA (Hons),Counselling and Psychotherapy (with Foundation Year),4 years full-time (inc. Foundation Year),64 UCAS Tariff points; A-levels: DDD (foundation year entry); GCSEs: English grade 3/D; BTEC: PP; T Level: Overall Pass; IB: 24 points; Access to HE: 12 Level 3 credits; Foundation Year leading to degree progression; or equivalent international qualification,IELTS 6.0 overall (no band below 5.5) / TOEFL iBT 79 / PTE Academic 51,"Home/UK: £9,790/yr (2026/27; regulated, subject to parliamentary approval)
International: £17,600/yr (2026/27)
Foundation year same fee level; sandwich option not available in foundation year",29 January 2026,https://www.coventry.ac.uk/course-structure/ug/fah/counselling-and-psychotherapy-ba-hons/?term=2026-27&type=foundation
Coventry University,Coventry,"Coventry Business School – Economics, Finance and Accounting",BSc (Hons),Accounting and Finance for International Business (Top-up),1 year full-time (top-up),Second year of a relevant HND or equivalent qualification; IELTS 6.0 overall; or equivalent international qualification,IELTS 6.0 overall (no band below 5.5) / TOEFL iBT 79 / PTE Academic 51,"Home/UK: £9,790/yr (2026/27; regulated, subject to parliamentary approval)
International: £17,600/yr (2026/27)
Placement year: £1,575 (UK) / £1,900 (International) for 2028/29 entry",29 January 2026,https://www.coventry.ac.uk/course-structure/ug/top-up/accounting-and-finance-for-international-business-bsc-top-up/?term=2026-27
